Date (yyyy-mm-dd),Timestamp (hh:mm:ss.nnn),G1 (W/m2),G2 (W/m2)
2014-12-30,07:01:00.000,0,0
2014-12-30,07:02:00.000,0,0
2014-12-30,07:03:00.000,0,0
2014-12-30,07:04:00.000,0,0
2014-12-30,07:05:00.000,0,0
2014-12-30,07:06:00.000,0,0
2014-12-30,07:07:00.000,0,0
2014-12-30,07:08:00.000,0,0
2014-12-30,07:09:00.000,0,0
2014-12-30,07:10:00.000,0,0
2014-12-30,07:11:00.000,0,0
2014-12-30,07:12:00.000,0,0
2014-12-30,07:13:00.000,0,0
2014-12-30,07:14:00.000,0,0
2014-12-30,07:15:00.000,0,0
2014-12-30,07:16:00.000,0,0
2014-12-30,07:17:00.000,0,0
2014-12-30,07:18:00.000,0,0
2014-12-30,07:19:00.000,0,0
2014-12-30,07:20:00.000,0,0
2014-12-30,07:21:00.000,0,0
2014-12-30,07:22:00.000,0,0
2014-12-30,07:23:00.000,0,1
2014-12-30,07:24:00.000,0,1
2014-12-30,07:25:00.000,0,1
2014-12-30,07:26:00.000,0,1
2014-12-30,07:27:00.000,0,2
2014-12-30,07:28:00.000,1,2
2014-12-30,07:29:00.000,1,2
2014-12-30,07:30:00.000,2,3
2014-12-30,07:31:00.000,2,3
2014-12-30,07:32:00.000,2,3
2014-12-30,07:33:00.000,2,4
2014-12-30,07:34:00.000,3,4
2014-12-30,07:35:00.000,3,5
2014-12-30,07:36:00.000,4,5
2014-12-30,07:37:00.000,4,6
2014-12-30,07:38:00.000,5,6
2014-12-30,07:39:00.000,5,7
2014-12-30,07:40:00.000,5,7
2014-12-30,07:41:00.000,5,8
2014-12-30,07:42:00.000,6,8
2014-12-30,07:43:00.000,6,8
2014-12-30,07:44:00.000,7,9
2014-12-30,07:45:00.000,7,9
2014-12-30,07:46:00.000,7,10
2014-12-30,07:47:00.000,8,10
2014-12-30,07:48:00.000,8,10
2014-12-30,07:49:00.000,8,11
2014-12-30,07:50:00.000,9,11
2014-12-30,07:51:00.000,9,12
2014-12-30,07:52:00.000,9,12
2014-12-30,07:53:00.000,10,12
2014-12-30,07:54:00.000,10,13
2014-12-30,07:55:00.000,10,13
2014-12-30,07:56:00.000,10,14
2014-12-30,07:57:00.000,11,14
2014-12-30,07:58:00.000,11,15
2014-12-30,07:59:00.000,11,15
2014-12-30,08:00:00.000,11,16
2014-12-30,08:01:00.000,12,16
2014-12-30,08:02:00.000,12,17
2014-12-30,08:03:00.000,12,17
2014-12-30,08:04:00.000,13,20
2014-12-30,08:04:11.350,14,25
2014-12-30,08:04:25.000,14,30
2014-12-30,08:04:32.410,15,35
2014-12-30,08:04:38.900,15,40
2014-12-30,08:04:44.650,16,45
2014-12-30,08:04:49.250,16,50
2014-12-30,08:04:54.160,17,55
2014-12-30,08:04:59.080,18,60
2014-12-30,08:05:00.000,18,61
2014-12-30,08:05:03.790,19,66
2014-12-30,08:05:08.350,19,71
2014-12-30,08:05:12.650,20,76
2014-12-30,08:05:16.490,20,81
2014-12-30,08:05:20.700,21,86
2014-12-30,08:05:24.760,22,91
2014-12-30,08:05:28.420,22,96
2014-12-30,08:05:32.430,23,101
2014-12-30,08:05:36.450,23,106
2014-12-30,08:05:40.230,24,111
2014-12-30,08:05:44.360,25,116
2014-12-30,08:05:47.980,25,121
2014-12-30,08:05:51.530,26,126
2014-12-30,08:05:55.410,27,131
2014-12-30,08:05:59.480,27,136
2014-12-30,08:06:00.000,27,136
2014-12-30,08:06:02.770,28,141
2014-12-30,08:06:06.520,28,146
2014-12-30,08:06:10.120,29,151
2014-12-30,08:06:13.620,30,156
2014-12-30,08:06:17.300,30,161
2014-12-30,08:06:20.950,31,166
2014-12-30,08:06:24.280,31,171
2014-12-30,08:06:27.950,32,176
2014-12-30,08:06:31.930,33,181
2014-12-30,08:06:35.480,34,186
2014-12-30,08:06:40.020,34,191
2014-12-30,08:06:44.790,35,196
2014-12-30,08:06:49.730,35,201
2014-12-30,08:06:54.610,36,206
2014-12-30,08:07:00.000,37,210
2014-12-30,08:07:04.310,37,215
2014-12-30,08:07:10.890,38,220
2014-12-30,08:07:18.110,38,225
2014-12-30,08:07:25.980,39,230
2014-12-30,08:07:34.710,40,235
2014-12-30,08:07:54.140,40,240
2014-12-30,08:08:00.000,41,240
2014-12-30,08:08:19.730,41,245
2014-12-30,08:09:00.000,43,249
2014-12-30,08:09:36.770,44,254
2014-12-30,08:10:00.000,45,255
2014-12-30,08:10:26.730,45,250
2014-12-30,08:10:34.660,45,245
2014-12-30,08:10:42.080,44,240
2014-12-30,08:10:50.210,44,235
2014-12-30,08:11:00.000,44,231
2014-12-30,08:11:06.540,43,226
2014-12-30,08:11:17.560,43,221
2014-12-30,08:12:00.000,44,223
2014-12-30,08:12:11.800,44,228
2014-12-30,08:12:19.880,45,233
2014-12-30,08:12:25.210,46,238
2014-12-30,08:12:31.920,47,243
2014-12-30,08:12:37.690,48,248
2014-12-30,08:12:43.740,48,253
2014-12-30,08:12:49.330,49,258
2014-12-30,08:12:53.730,50,263
2014-12-30,08:13:00.000,51,267
2014-12-30,08:13:08.710,51,272
2014-12-30,08:13:24.640,52,277
2014-12-30,08:14:00.000,53,279
2014-12-30,08:14:47.360,55,284
2014-12-30,08:15:00.000,55,284
2014-12-30,08:16:00.000,57,288
2014-12-30,08:16:42.120,59,293
2014-12-30,08:17:00.000,60,293
2014-12-30,08:17:49.700,61,298
2014-12-30,08:18:00.000,62,298
2014-12-30,08:18:56.130,63,303
2014-12-30,08:19:00.000,64,302
2014-12-30,08:19:39.020,65,307
2014-12-30,08:20:00.000,66,308
2014-12-30,08:20:50.850,68,313
2014-12-30,08:21:00.000,68,313
2014-12-30,08:21:37.400,70,318
2014-12-30,08:22:00.000,71,320
2014-12-30,08:22:43.410,73,325
2014-12-30,08:23:00.000,73,326
2014-12-30,08:23:52.100,76,331
2014-12-30,08:24:00.000,76,331
2014-12-30,08:24:55.120,78,336
2014-12-30,08:25:00.000,78,336
2014-12-30,08:25:32.460,79,341
2014-12-30,08:26:00.000,81,342
2014-12-30,08:26:37.980,82,347
2014-12-30,08:27:00.000,83,349
2014-12-30,08:27:48.060,85,354
2014-12-30,08:28:00.000,86,354
2014-12-30,08:29:00.000,87,351
2014-12-30,08:29:49.370,87,346
2014-12-30,08:30:00.000,87,345
2014-12-30,08:31:00.000,88,342
2014-12-30,08:31:48.090,90,347
2014-12-30,08:32:00.000,90,347
2014-12-30,08:32:16.640,92,352
2014-12-30,08:32:32.720,93,357
2014-12-30,08:32:47.830,95,362
2014-12-30,08:33:00.000,96,366
2014-12-30,08:33:45.700,98,371
2014-12-30,08:34:00.000,99,373
2014-12-30,08:34:15.070,100,378
2014-12-30,08:35:00.000,102,380
2014-12-30,08:35:52.680,104,385
2014-12-30,08:36:00.000,104,384
2014-12-30,08:36:36.690,106,389
2014-12-30,08:37:00.000,108,392
2014-12-30,08:37:30.300,109,397
2014-12-30,08:37:57.290,111,402
2014-12-30,08:38:00.000,111,402
2014-12-30,08:38:46.670,113,407
2014-12-30,08:39:00.000,114,408
2014-12-30,08:40:00.000,116,410
2014-12-30,08:40:40.800,118,415
2014-12-30,08:41:00.000,119,416
2014-12-30,08:42:00.000,121,419
2014-12-30,08:42:38.110,122,424
2014-12-30,08:43:00.000,123,424
2014-12-30,08:43:46.270,125,429
2014-12-30,08:44:00.000,125,430
2014-12-30,08:45:00.000,127,432
2014-12-30,08:45:38.480,128,437
2014-12-30,08:46:00.000,129,438
2014-12-30,08:46:56.010,131,443
2014-12-30,08:47:00.000,131,443
2014-12-30,08:47:57.880,133,448
2014-12-30,08:48:00.000,133,447
2014-12-30,08:48:46.820,135,452
2014-12-30,08:49:00.000,135,452
2014-12-30,08:50:00.000,136,456
2014-12-30,08:50:38.350,138,461
2014-12-30,08:51:00.000,138,462
2014-12-30,08:52:00.000,140,465
2014-12-30,08:52:47.290,142,470
2014-12-30,08:53:00.000,142,470
2014-12-30,08:53:52.200,144,475
2014-12-30,08:54:00.000,144,473
2014-12-30,08:54:53.290,145,478
2014-12-30,08:55:00.000,145,477
2014-12-30,08:55:48.850,147,482
2014-12-30,08:56:00.000,147,482
2014-12-30,08:57:00.000,149,486
2014-12-30,08:57:39.410,151,491
2014-12-30,08:58:00.000,151,490
2014-12-30,08:59:00.000,153,494
2014-12-30,08:59:59.690,155,499
2014-12-30,09:00:00.000,155,498
2014-12-30,09:00:54.900,156,503
2014-12-30,09:01:00.000,156,503
2014-12-30,09:01:55.920,158,508
2014-12-30,09:02:00.000,159,508
2014-12-30,09:03:00.000,159,505
2014-12-30,09:03:06.770,158,500
2014-12-30,09:03:16.970,157,495
2014-12-30,09:03:24.920,156,490
2014-12-30,09:03:28.220,155,485
2014-12-30,09:03:33.330,154,480
2014-12-30,09:03:40.670,152,475
2014-12-30,09:03:54.280,150,470
2014-12-30,09:04:00.000,149,469
2014-12-30,09:04:50.630,151,474
2014-12-30,09:04:59.960,152,479
2014-12-30,09:05:00.000,152,478
2014-12-30,09:05:07.220,154,483
2014-12-30,09:05:17.890,155,488
2014-12-30,09:05:26.280,156,493
2014-12-30,09:05:33.660,157,498
2014-12-30,09:05:39.660,159,503
2014-12-30,09:05:44.230,160,508
2014-12-30,09:05:48.210,161,513
2014-12-30,09:05:54.700,163,518
2014-12-30,09:06:00.000,165,522
2014-12-30,09:06:35.690,167,527
2014-12-30,09:07:00.000,168,527
2014-12-30,09:07:43.650,169,532
2014-12-30,09:08:00.000,170,534
2014-12-30,09:08:38.180,169,527
2014-12-30,09:08:38.200,167,520
2014-12-30,09:08:38.220,165,514
2014-12-30,09:08:38.240,163,508
2014-12-30,09:08:38.260,162,502
2014-12-30,09:08:38.280,160,497
2014-12-30,09:08:38.330,158,492
2014-12-30,09:08:38.390,160,498
2014-12-30,09:08:38.410,161,503
2014-12-30,09:08:38.430,163,509
2014-12-30,09:08:38.450,165,516
2014-12-30,09:08:38.470,167,524
2014-12-30,09:08:38.510,169,530
2014-12-30,09:08:38.570,171,535
2014-12-30,09:09:00.000,172,538
2014-12-30,09:10:00.000,173,541
2014-12-30,09:10:47.010,175,546
2014-12-30,09:11:00.000,175,545
2014-12-30,09:11:42.800,177,550
2014-12-30,09:12:00.000,177,549
2014-12-30,09:12:41.170,178,554
2014-12-30,09:13:00.000,179,555
2014-12-30,09:14:00.000,181,558
2014-12-30,09:14:51.440,183,563
2014-12-30,09:15:00.000,183,562
2014-12-30,09:15:56.870,185,567
2014-12-30,09:16:00.000,185,566
2014-12-30,09:16:59.550,187,571
2014-12-30,09:17:00.000,187,570
2014-12-30,09:18:00.000,189,574
2014-12-30,09:19:00.000,190,576
2014-12-30,09:19:30.950,191,581
2014-12-30,09:20:00.000,192,581
2014-12-30,09:20:32.810,193,586
2014-12-30,09:21:00.000,194,585
2014-12-30,09:22:00.000,195,588
2014-12-30,09:23:00.000,197,591
2014-12-30,09:24:00.000,199,595
2014-12-30,09:24:59.760,201,600
2014-12-30,09:25:00.000,200,599
2014-12-30,09:26:00.000,202,602
2014-12-30,09:26:47.110,204,607
2014-12-30,09:27:00.000,205,605
2014-12-30,09:28:00.000,206,608
2014-12-30,09:29:00.000,207,611
2014-12-30,09:29:42.920,209,616
2014-12-30,09:30:00.000,209,615
2014-12-30,09:30:49.650,211,620
2014-12-30,09:31:00.000,211,619
2014-12-30,09:32:00.000,212,621
2014-12-30,09:33:00.000,214,624
2014-12-30,09:33:34.860,216,629
2014-12-30,09:33:37.910,215,624
2014-12-30,09:33:43.170,215,629
2014-12-30,09:34:00.000,216,627
2014-12-30,09:34:09.330,217,632
2014-12-30,09:34:09.530,216,627
2014-12-30,09:34:12.550,217,632
2014-12-30,09:34:14.600,216,627
2014-12-30,09:34:32.420,217,632
2014-12-30,09:35:00.000,218,632
2014-12-30,09:36:00.000,220,635
2014-12-30,09:36:56.100,221,640
2014-12-30,09:37:00.000,222,639
2014-12-30,09:38:00.000,223,641
2014-12-30,09:38:16.930,224,646
2014-12-30,09:38:16.990,223,641
2014-12-30,09:38:19.450,225,646
2014-12-30,09:38:25.160,223,641
2014-12-30,09:38:31.070,224,646
2014-12-30,09:39:00.000,225,646
2014-12-30,09:39:34.090,227,651
2014-12-30,09:40:00.000,227,650
2014-12-30,09:41:00.000,228,652
2014-12-30,09:42:00.000,229,654
2014-12-30,09:42:40.490,231,659
2014-12-30,09:43:00.000,231,657
2014-12-30,09:43:33.450,233,662
2014-12-30,09:43:44.890,232,657
2014-12-30,09:43:48.210,233,662
2014-12-30,09:44:00.000,233,662
2014-12-30,09:44:59.930,235,667
2014-12-30,09:45:00.000,235,665
2014-12-30,09:46:00.000,236,666
2014-12-30,09:46:29.240,237,671
2014-12-30,09:46:34.470,236,666
2014-12-30,09:46:36.630,238,671
2014-12-30,09:47:00.000,237,670
2014-12-30,09:47:31.700,239,675
2014-12-30,09:48:00.000,240,674
2014-12-30,09:48:43.130,241,679
2014-12-30,09:48:51.420,241,674
2014-12-30,09:48:54.240,241,679
2014-12-30,09:49:00.000,241,676
2014-12-30,09:49:43.350,243,681
2014-12-30,09:50:00.000,243,681
2014-12-30,09:51:00.000,244,681
2014-12-30,09:51:44.430,245,686
2014-12-30,09:51:49.600,244,681
2014-12-30,09:51:57.230,245,686
2014-12-30,09:52:00.000,246,684
2014-12-30,09:52:26.360,246,689
2014-12-30,09:52:26.490,246,684
2014-12-30,09:52:35.680,247,689
2014-12-30,09:53:00.000,246,686
2014-12-30,09:53:19.570,248,691
2014-12-30,09:53:22.990,247,686
2014-12-30,09:53:35.900,248,691
2014-12-30,09:54:00.000,249,690
2014-12-30,09:54:44.820,250,695
2014-12-30,09:55:00.000,250,695
2014-12-30,09:56:00.000,252,697
2014-12-30,09:57:00.000,254,698
2014-12-30,09:57:56.280,254,703
2014-12-30,09:58:00.000,255,701
2014-12-30,09:59:00.000,255,703
2014-12-30,09:59:29.020,257,708
2014-12-30,09:59:31.530,258,703
2014-12-30,09:59:31.650,257,708
2014-12-30,09:59:32.370,257,703
2014-12-30,09:59:33.690,257,708
2014-12-30,09:59:34.600,257,703
2014-12-30,09:59:34.940,258,708
2014-12-30,09:59:35.300,257,703
2014-12-30,09:59:35.400,256,708
2014-12-30,09:59:39.430,257,703
2014-12-30,09:59:48.660,258,708
2014-12-30,09:59:52.020,258,703
2014-12-30,09:59:52.740,257,708
2014-12-30,09:59:58.180,256,703
2014-12-30,09:59:59.200,258,708
2014-12-30,10:00:00.000,258,706
2014-12-30,10:00:25.850,258,711
2014-12-30,10:01:00.000,260,711
2014-12-30,10:02:00.000,261,713
2014-12-30,10:02:35.460,263,718
2014-12-30,10:02:37.270,262,713
2014-12-30,10:02:42.150,262,718
2014-12-30,10:03:00.000,263,716
2014-12-30,10:03:44.240,264,722
2014-12-30,10:03:44.310,264,717
2014-12-30,10:03:48.160,264,722
2014-12-30,10:03:48.200,264,717
2014-12-30,10:03:54.090,265,722
2014-12-30,10:03:54.180,264,717
2014-12-30,10:03:56.170,264,722
2014-12-30,10:03:56.230,264,717
2014-12-30,10:04:00.000,264,720
2014-12-30,10:04:59.910,266,725
2014-12-30,10:05:00.000,265,722
2014-12-30,10:05:54.070,267,727
2014-12-30,10:06:00.000,266,724
2014-12-30,10:07:00.000,268,727
2014-12-30,10:08:00.000,270,728
2014-12-30,10:08:43.950,271,733
2014-12-30,10:09:00.000,271,731
2014-12-30,10:10:00.000,272,733
2014-12-30,10:11:00.000,274,735
2014-12-30,10:11:28.200,275,740
2014-12-30,10:11:29.130,274,735
2014-12-30,10:11:40.500,275,740
2014-12-30,10:11:41.600,274,735
2014-12-30,10:11:49.490,275,740
2014-12-30,10:11:49.620,274,735
2014-12-30,10:11:55.370,276,740
2014-12-30,10:11:55.590,274,735
2014-12-30,10:11:59.550,276,740
2014-12-30,10:12:00.000,275,739
2014-12-30,10:12:55.950,277,744
2014-12-30,10:12:56.390,276,739
2014-12-30,10:13:00.000,276,740
2014-12-30,10:13:46.400,278,745
2014-12-30,10:14:00.000,278,744
2014-12-30,10:15:00.000,280,746
2014-12-30,10:16:00.000,280,747
2014-12-30,10:17:00.000,281,748
2014-12-30,10:17:45.740,282,753
2014-12-30,10:17:46.830,282,748
2014-12-30,10:17:47.570,283,753
2014-12-30,10:17:47.870,282,748
2014-12-30,10:17:52.670,283,753
2014-12-30,10:17:53.340,282,748
2014-12-30,10:17:55.360,283,753
2014-12-30,10:17:55.450,282,748
2014-12-30,10:17:57.960,282,753
2014-12-30,10:17:58.180,283,748
2014-12-30,10:17:58.320,283,753
2014-12-30,10:17:58.860,282,748
2014-12-30,10:18:00.000,283,750
2014-12-30,10:18:02.130,282,755
2014-12-30,10:18:02.290,283,750
2014-12-30,10:19:00.000,283,750
2014-12-30,10:19:36.460,284,755
2014-12-30,10:19:36.840,284,750
2014-12-30,10:19:38.600,284,755
2014-12-30,10:20:00.000,285,755
2014-12-30,10:20:03.210,285,750
2014-12-30,10:20:03.290,284,755
2014-12-30,10:21:00.000,286,757
2014-12-30,10:22:00.000,287,758
2014-12-30,10:22:49.340,288,763
2014-12-30,10:22:49.700,288,758
2014-12-30,10:22:53.830,288,763
2014-12-30,10:23:00.000,289,761
2014-12-30,10:23:58.510,289,766
2014-12-30,10:23:59.130,290,761
2014-12-30,10:24:00.000,290,764
2014-12-30,10:24:38.220,291,769
2014-12-30,10:24:38.360,291,764
2014-12-30,10:24:54.060,291,769
2014-12-30,10:24:54.090,291,764
2014-12-30,10:24:55.490,291,770
2014-12-30,10:24:55.510,292,764
2014-12-30,10:25:00.000,291,764
2014-12-30,10:25:37.040,292,769
2014-12-30,10:26:00.000,292,768
2014-12-30,10:26:46.000,294,773
2014-12-30,10:27:00.000,295,773
2014-12-30,10:28:00.000,295,772
2014-12-30,10:28:00.200,297,777
2014-12-30,10:28:04.690,296,772
2014-12-30,10:28:04.990,296,777
2014-12-30,10:28:06.500,295,772
2014-12-30,10:28:06.760,296,777
2014-12-30,10:28:10.410,296,772
2014-12-30,10:28:10.540,297,777
2014-12-30,10:28:16.210,296,772
2014-12-30,10:28:16.530,296,777
2014-12-30,10:28:21.860,297,772
2014-12-30,10:28:21.900,296,777
2014-12-30,10:29:00.000,297,776
2014-12-30,10:29:42.430,299,781
2014-12-30,10:30:00.000,299,780
2014-12-30,10:31:00.000,299,781
2014-12-30,10:31:33.870,301,786
2014-12-30,10:31:34.120,300,781
2014-12-30,10:31:44.690,301,786
2014-12-30,10:31:45.270,300,781
2014-12-30,10:31:53.890,301,786
2014-12-30,10:31:54.620,301,781
2014-12-30,10:31:57.070,301,786
2014-12-30,10:31:58.050,301,781
2014-12-30,10:32:00.000,300,784
2014-12-30,10:33:00.000,302,785
2014-12-30,10:34:00.000,303,786
2014-12-30,10:35:00.000,304,788
2014-12-30,10:35:36.360,305,793
2014-12-30,10:35:37.640,305,788
2014-12-30,10:35:39.460,305,793
2014-12-30,10:35:44.210,305,788
2014-12-30,10:35:48.120,305,793
2014-12-30,10:35:57.110,305,788
2014-12-30,10:35:57.770,305,793
2014-12-30,10:35:59.450,304,788
2014-12-30,10:35:59.970,305,793
2014-12-30,10:36:00.000,306,793
2014-12-30,10:36:01.450,305,788
2014-12-30,10:36:01.570,306,793
2014-12-30,10:36:03.000,305,788
2014-12-30,10:36:03.090,306,793
2014-12-30,10:36:19.050,305,788
2014-12-30,10:36:19.250,305,793
2014-12-30,10:37:00.000,306,793
2014-12-30,10:37:15.940,306,788
2014-12-30,10:37:16.390,307,794
2014-12-30,10:38:00.000,307,795
2014-12-30,10:38:13.780,309,800
2014-12-30,10:38:14.180,308,795
2014-12-30,10:38:17.790,309,800
2014-12-30,10:38:18.310,308,795
2014-12-30,10:38:22.550,308,800
2014-12-30,10:38:22.720,309,795
2014-12-30,10:38:22.850,309,800
2014-12-30,10:38:23.040,308,795
2014-12-30,10:38:28.590,310,800
2014-12-30,10:38:28.830,307,794
2014-12-30,10:38:29.230,308,799
2014-12-30,10:38:29.690,308,794
2014-12-30,10:38:34.140,308,799
2014-12-30,10:38:35.190,308,794
2014-12-30,10:38:45.120,308,799
2014-12-30,10:38:45.330,309,793
2014-12-30,10:38:45.390,309,799
2014-12-30,10:38:45.470,309,794
2014-12-30,10:38:46.120,309,800
2014-12-30,10:38:46.160,308,795
2014-12-30,10:39:00.000,309,796
2014-12-30,10:39:49.130,310,801
2014-12-30,10:39:50.260,309,796
2014-12-30,10:39:51.590,310,802
2014-12-30,10:39:52.690,310,797
2014-12-30,10:39:53.290,310,802
2014-12-30,10:39:53.370,310,797
2014-12-30,10:39:56.390,310,803
2014-12-30,10:39:56.480,310,798
2014-12-30,10:40:00.000,310,799
2014-12-30,10:41:00.000,310,799
2014-12-30,10:41:14.400,311,804
2014-12-30,10:41:14.830,310,799
2014-12-30,10:41:16.240,312,804
2014-12-30,10:41:16.460,311,799
2014-12-30,10:41:16.530,311,804
2014-12-30,10:41:16.670,311,799
2014-12-30,10:41:16.850,312,804
2014-12-30,10:41:17.200,310,799
2014-12-30,10:41:17.490,312,804
2014-12-30,10:41:17.550,311,799
2014-12-30,10:41:19.590,311,804
2014-12-30,10:41:20.270,311,799
2014-12-30,10:41:24.430,312,804
2014-12-30,10:41:24.960,310,799
2014-12-30,10:41:31.460,312,804
2014-12-30,10:41:31.630,310,799
2014-12-30,10:41:32.770,310,804
2014-12-30,10:41:32.820,312,799
2014-12-30,10:41:33.080,311,804
2014-12-30,10:41:33.120,310,798
2014-12-30,10:41:33.200,311,803
2014-12-30,10:41:33.230,311,798
2014-12-30,10:41:37.290,312,803
2014-12-30,10:41:40.780,311,798
2014-12-30,10:41:41.430,312,803
2014-12-30,10:41:46.520,311,798
2014-12-30,10:41:47.330,312,803
2014-12-30,10:42:00.000,312,801
2014-12-30,10:42:20.770,312,806
2014-12-30,10:42:21.340,312,801
2014-12-30,10:42:24.550,313,807
2014-12-30,10:42:25.530,313,802
2014-12-30,10:42:40.330,312,807
2014-12-30,10:42:40.410,313,802
2014-12-30,10:43:00.000,312,802
2014-12-30,10:43:23.790,313,807
2014-12-30,10:43:25.710,313,802
2014-12-30,10:43:36.800,313,807
2014-12-30,10:43:36.900,313,802
2014-12-30,10:43:37.000,313,808
2014-12-30,10:43:37.050,313,802
2014-12-30,10:43:44.530,313,807
2014-12-30,10:43:54.070,313,802
2014-12-30,10:43:55.240,313,807
2014-12-30,10:43:56.240,313,802
2014-12-30,10:43:57.190,313,807
2014-12-30,10:44:00.000,313,805
2014-12-30,10:44:20.890,315,810
2014-12-30,10:44:21.050,313,805
2014-12-30,10:44:21.610,314,810
2014-12-30,10:44:21.810,313,805
2014-12-30,10:44:22.350,314,810
2014-12-30,10:44:22.500,314,805
2014-12-30,10:44:51.220,314,810
2014-12-30,10:44:51.250,313,805
2014-12-30,10:45:00.000,314,806
2014-12-30,10:45:55.610,315,811
2014-12-30,10:45:57.490,315,806
2014-12-30,10:45:59.330,314,811
2014-12-30,10:45:59.350,316,805
2014-12-30,10:45:59.410,315,810
2014-12-30,10:46:00.000,315,807
2014-12-30,10:46:08.400,315,812
2014-12-30,10:46:08.430,314,807
2014-12-30,10:46:08.640,316,812
2014-12-30,10:46:08.930,316,806
2014-12-30,10:46:09.260,315,812
2014-12-30,10:46:09.340,315,807
2014-12-30,10:46:09.570,315,812
2014-12-30,10:46:09.830,315,807
2014-12-30,10:46:28.350,316,812
2014-12-30,10:46:28.590,315,807
2014-12-30,10:46:33.160,316,812
2014-12-30,10:46:33.190,317,806
2014-12-30,10:46:36.520,316,811
2014-12-30,10:46:39.090,315,806
2014-12-30,10:46:39.720,316,811
2014-12-30,10:46:41.430,315,806
2014-12-30,10:46:41.630,316,811
2014-12-30,10:47:00.000,316,811
2014-12-30,10:47:54.130,316,806
2014-12-30,10:47:54.310,316,811
2014-12-30,10:48:00.000,316,809
2014-12-30,10:48:02.210,316,814
2014-12-30,10:48:02.300,317,809
2014-12-30,10:48:02.700,317,814
2014-12-30,10:48:02.820,317,809
2014-12-30,10:48:08.760,318,814
2014-12-30,10:48:10.320,316,809
2014-12-30,10:48:12.970,318,814
2014-12-30,10:48:13.120,317,809
2014-12-30,10:48:17.040,317,814
2014-12-30,10:48:17.510,317,809
2014-12-30,10:48:18.740,317,814
2014-12-30,10:48:19.110,317,809
2014-12-30,10:48:20.110,317,814
2014-12-30,10:48:20.690,317,809
2014-12-30,10:48:21.870,317,814
2014-12-30,10:48:22.150,317,809
2014-12-30,10:48:22.870,317,814
2014-12-30,10:48:23.200,317,809
2014-12-30,10:48:30.050,317,814
2014-12-30,10:48:31.170,317,809
2014-12-30,10:48:31.240,317,814
2014-12-30,10:48:31.710,317,809
2014-12-30,10:48:32.340,317,814
2014-12-30,10:48:43.080,317,809
2014-12-30,10:48:51.960,317,814
2014-12-30,10:49:00.000,317,810
2014-12-30,10:49:03.490,317,815
2014-12-30,10:49:20.640,317,810
2014-12-30,10:49:21.780,318,815
2014-12-30,10:49:27.260,317,810
2014-12-30,10:49:27.500,318,815
2014-12-30,10:49:39.850,318,810
2014-12-30,10:49:41.330,318,815
2014-12-30,10:49:42.330,318,810
2014-12-30,10:49:43.430,318,815
2014-12-30,10:49:46.890,319,810
2014-12-30,10:49:47.530,319,815
2014-12-30,10:49:47.650,317,810
2014-12-30,10:49:51.130,318,815
2014-12-30,10:50:00.000,318,812
2014-12-30,10:50:30.540,319,817
2014-12-30,10:50:30.660,319,812
2014-12-30,10:50:32.740,319,817
2014-12-30,10:50:32.900,318,812
2014-12-30,10:50:33.940,318,817
2014-12-30,10:50:33.980,319,812
2014-12-30,10:50:34.040,319,817
2014-12-30,10:50:34.220,318,811
2014-12-30,10:50:34.230,319,816
2014-12-30,10:50:34.410,318,811
2014-12-30,10:50:34.470,318,817
2014-12-30,10:50:34.570,318,812
2014-12-30,10:50:34.760,319,817
2014-12-30,10:50:34.960,318,812
2014-12-30,10:50:38.280,319,817
2014-12-30,10:50:39.730,319,812
2014-12-30,10:50:40.240,320,817
2014-12-30,10:50:40.740,319,812
2014-12-30,10:50:41.620,319,817
2014-12-30,10:50:41.790,319,812
2014-12-30,10:50:42.380,319,817
2014-12-30,10:50:42.700,318,812
2014-12-30,10:50:42.840,319,817
2014-12-30,10:50:43.250,319,812
2014-12-30,10:50:43.410,319,817
2014-12-30,10:50:43.760,318,812
2014-12-30,10:50:44.560,319,817
2014-12-30,10:50:45.390,320,812
2014-12-30,10:50:45.930,320,817
2014-12-30,10:50:46.180,319,812
2014-12-30,10:50:46.330,320,817
2014-12-30,10:50:46.540,318,812
2014-12-30,10:50:47.530,320,817
2014-12-30,10:50:47.990,318,812
2014-12-30,10:50:49.750,319,817
2014-12-30,10:50:50.340,318,812
2014-12-30,10:50:50.660,320,817
2014-12-30,10:50:51.410,318,812
2014-12-30,10:50:51.550,318,817
2014-12-30,10:50:51.670,319,812
2014-12-30,10:50:51.900,320,817
2014-12-30,10:50:52.310,319,812
2014-12-30,10:50:52.760,319,817
2014-12-30,10:50:53.160,318,812
2014-12-30,10:50:54.280,319,817
2014-12-30,10:50:54.620,318,812
2014-12-30,10:50:55.780,321,818
2014-12-30,10:50:56.060,319,813
2014-12-30,10:50:56.640,319,818
2014-12-30,10:50:56.930,318,813
2014-12-30,10:50:59.380,319,818
2014-12-30,10:50:59.530,319,813
2014-12-30,10:50:59.880,319,818
2014-12-30,10:51:00.000,319,816
2014-12-30,10:51:03.750,318,811
2014-12-30,10:51:04.530,319,816
2014-12-30,10:51:04.670,319,811
2014-12-30,10:51:04.710,319,817
2014-12-30,10:51:04.910,318,811
2014-12-30,10:51:05.420,318,816
2014-12-30,10:51:06.690,319,811
2014-12-30,10:51:06.730,319,816
2014-12-30,10:51:07.290,318,811
2014-12-30,10:51:09.440,320,816
2014-12-30,10:51:12.750,319,811
2014-12-30,10:51:12.990,319,816
2014-12-30,10:51:13.020,318,811
2014-12-30,10:51:13.110,317,816
2014-12-30,10:51:13.190,317,811
2014-12-30,10:51:13.590,318,817
2014-12-30,10:51:13.790,319,812
2014-12-30,10:51:15.030,319,817
2014-12-30,10:51:15.310,319,812
2014-12-30,10:51:23.960,319,817
2014-12-30,10:51:24.000,319,812
2014-12-30,10:51:25.680,319,817
2014-12-30,10:51:25.900,319,812
2014-12-30,10:51:26.650,321,817
2014-12-30,10:51:27.000,319,812
2014-12-30,10:51:27.280,319,817
2014-12-30,10:51:27.590,319,812
2014-12-30,10:51:28.650,320,817
2014-12-30,10:51:28.750,319,812
2014-12-30,10:51:29.260,319,817
2014-12-30,10:51:29.520,319,811
2014-12-30,10:51:29.580,320,816
2014-12-30,10:51:29.910,319,810
2014-12-30,10:51:29.960,318,815
2014-12-30,10:52:00.000,319,814
2014-12-30,10:52:52.890,321,819
2014-12-30,10:52:52.990,320,814
2014-12-30,10:52:54.690,321,819
2014-12-30,10:52:54.760,320,814
2014-12-30,10:52:54.810,319,819
2014-12-30,10:52:54.850,320,814
2014-12-30,10:52:55.050,319,819
2014-12-30,10:52:55.420,320,814
2014-12-30,10:53:00.000,320,815
2014-12-30,10:53:00.170,321,820
2014-12-30,10:53:00.410,320,815
2014-12-30,10:53:26.630,321,820
2014-12-30,10:53:27.040,321,815
2014-12-30,10:53:30.660,321,820
2014-12-30,10:53:34.750,320,815
2014-12-30,10:53:38.840,321,820
2014-12-30,10:54:00.000,322,819
2014-12-30,10:55:00.000,323,820
2014-12-30,10:55:19.220,323,825
2014-12-30,10:55:19.650,323,819
2014-12-30,10:55:19.790,323,824
2014-12-30,10:55:20.230,323,819
2014-12-30,10:55:21.370,323,824
2014-12-30,10:55:21.490,323,819
2014-12-30,10:55:23.400,323,824
2014-12-30,10:55:24.750,322,819
2014-12-30,10:55:26.500,323,824
2014-12-30,10:55:26.710,322,819
2014-12-30,10:55:26.940,323,825
2014-12-30,10:55:26.990,323,820
2014-12-30,10:55:28.000,324,825
2014-12-30,10:55:28.440,323,820
2014-12-30,10:56:00.000,323,821
2014-12-30,10:56:31.260,325,826
2014-12-30,10:56:31.320,324,821
2014-12-30,10:56:33.980,324,826
2014-12-30,10:56:34.160,324,820
2014-12-30,10:56:34.500,324,825
2014-12-30,10:56:35.220,324,820
2014-12-30,10:56:35.410,325,825
2014-12-30,10:56:35.780,324,819
2014-12-30,10:56:35.880,324,824
2014-12-30,10:57:00.000,324,824
2014-12-30,10:57:53.430,325,829
2014-12-30,10:57:53.610,325,824
2014-12-30,10:58:00.000,325,823
2014-12-30,10:58:25.960,325,828
2014-12-30,10:58:26.290,325,823
2014-12-30,10:58:31.780,326,828
2014-12-30,10:58:39.330,325,823
2014-12-30,10:58:40.100,326,828
2014-12-30,10:58:40.800,325,823
2014-12-30,10:58:42.820,326,829
2014-12-30,10:58:43.460,326,824
2014-12-30,10:58:43.850,326,829
2014-12-30,10:58:44.070,326,824
2014-12-30,10:58:44.090,325,829
2014-12-30,10:58:44.180,325,824
2014-12-30,10:58:44.250,325,829
2014-12-30,10:58:44.730,326,823
2014-12-30,10:58:44.790,326,828
2014-12-30,10:58:48.780,325,823
2014-12-30,10:59:00.000,325,824
2014-12-30,10:59:02.260,326,829
2014-12-30,10:59:02.360,326,824
2014-12-30,10:59:02.410,326,829
2014-12-30,10:59:02.900,326,824
2014-12-30,10:59:47.490,326,829
2014-12-30,10:59:47.580,326,824
2014-12-30,10:59:48.900,326,829
2014-12-30,10:59:49.060,326,824
2014-12-30,10:59:51.320,326,829
2014-12-30,10:59:51.460,326,824
2014-12-30,10:59:52.570,326,829
2014-12-30,10:59:52.720,326,824
2014-12-30,10:59:56.350,326,829
2014-12-30,10:59:56.480,326,824
2014-12-30,10:59:56.660,326,829
2014-12-30,10:59:56.690,326,824
2014-12-30,10:59:56.770,326,829
2014-12-30,10:59:57.030,326,824
2014-12-30,10:59:57.170,326,829
2014-12-30,10:59:57.570,325,824
2014-12-30,10:59:57.590,326,829
2014-12-30,10:59:57.620,326,824
2014-12-30,10:59:57.800,327,829
2014-12-30,10:59:57.890,326,824
2014-12-30,10:59:58.200,326,829
2014-12-30,10:59:58.430,326,824
2014-12-30,10:59:58.570,326,829
2014-12-30,10:59:58.750,326,824
2014-12-30,10:59:59.100,326,830
2014-12-30,10:59:59.120,326,825
2014-12-30,10:59:59.990,327,830
2014-12-30,11:00:00.000,327,829
2014-12-30,11:00:00.510,326,824
2014-12-30,11:00:01.240,327,829
2014-12-30,11:00:01.410,326,824
2014-12-30,11:00:01.490,325,829
2014-12-30,11:00:02.140,325,824
2014-12-30,11:00:02.260,326,829
2014-12-30,11:00:02.410,326,824
2014-12-30,11:00:03.640,325,829
2014-12-30,11:00:03.710,326,824
2014-12-30,11:00:04.170,326,829
2014-12-30,11:00:04.450,326,824
2014-12-30,11:00:04.510,326,829
2014-12-30,11:00:04.670,325,824
2014-12-30,11:00:04.950,327,829
2014-12-30,11:00:04.990,326,824
2014-12-30,11:00:06.560,326,829
2014-12-30,11:00:07.410,326,824
2014-12-30,11:00:11.960,327,829
2014-12-30,11:00:12.770,326,824
2014-12-30,11:00:27.330,326,829
2014-12-30,11:00:37.690,326,824
2014-12-30,11:00:38.960,327,829
2014-12-30,11:00:44.590,326,824
2014-12-30,11:00:44.760,327,829
2014-12-30,11:01:00.000,327,829
2014-12-30,11:01:25.350,326,824
2014-12-30,11:01:25.450,326,829
2014-12-30,11:01:26.410,327,834
2014-12-30,11:01:26.430,329,827
2014-12-30,11:01:26.490,327,832
2014-12-30,11:01:26.680,328,827
2014-12-30,11:01:26.710,327,832
2014-12-30,11:01:26.760,327,827
2014-12-30,11:01:32.850,327,832
2014-12-30,11:01:32.890,327,827
2014-12-30,11:01:36.770,328,832
2014-12-30,11:01:36.880,327,827
2014-12-30,11:01:37.250,328,832
2014-12-30,11:01:37.730,327,827
2014-12-30,11:01:38.190,328,832
2014-12-30,11:01:38.390,327,827
2014-12-30,11:01:40.970,328,832
2014-12-30,11:01:41.430,327,827
2014-12-30,11:01:42.150,328,832
2014-12-30,11:01:43.110,327,827
2014-12-30,11:01:45.240,328,832
2014-12-30,11:01:45.390,328,827
2014-12-30,11:01:46.850,328,832
2014-12-30,11:01:46.900,328,827
2014-12-30,11:01:55.330,328,832
2014-12-30,11:01:55.410,328,827
2014-12-30,11:01:55.500,328,832
2014-12-30,11:01:55.840,327,827
2014-12-30,11:01:59.010,328,832
2014-12-30,11:01:59.250,327,827
2014-12-30,11:02:00.000,328,827
2014-12-30,11:02:03.040,328,832
2014-12-30,11:02:03.170,328,827
2014-12-30,11:02:05.490,328,832
2014-12-30,11:02:05.870,327,827
2014-12-30,11:02:10.180,328,832
2014-12-30,11:02:10.610,328,827
2014-12-30,11:02:13.880,327,832
2014-12-30,11:02:13.980,329,827
2014-12-30,11:02:14.030,328,832
2014-12-30,11:02:14.160,327,827
2014-12-30,11:03:00.000,328,827
2014-12-30,11:03:48.720,329,832
2014-12-30,11:03:48.830,328,827
2014-12-30,11:03:50.520,327,832
2014-12-30,11:03:50.610,328,827
2014-12-30,11:04:00.000,329,829
2014-12-30,11:04:56.080,330,834
2014-12-30,11:04:56.290,329,829
2014-12-30,11:05:00.000,329,830
2014-12-30,11:06:00.000,330,832
2014-12-30,11:06:44.810,330,837
2014-12-30,11:06:44.970,331,832
2014-12-30,11:07:00.000,331,834
2014-12-30,11:08:00.000,332,836
2014-12-30,11:09:00.000,333,838
2014-12-30,11:09:22.620,332,833
2014-12-30,11:09:22.780,333,838
2014-12-30,11:09:23.650,332,833
2014-12-30,11:09:23.770,332,838
2014-12-30,11:09:24.930,332,833
2014-12-30,11:09:25.630,332,838
2014-12-30,11:09:27.880,333,833
2014-12-30,11:09:27.970,332,838
2014-12-30,11:09:28.020,333,833
2014-12-30,11:09:28.260,333,838
2014-12-30,11:09:42.770,333,833
2014-12-30,11:09:42.850,332,838
2014-12-30,11:09:46.470,333,833
2014-12-30,11:09:48.280,333,838
2014-12-30,11:09:51.840,332,833
2014-12-30,11:09:51.980,333,838
2014-12-30,11:10:00.000,333,837
2014-12-30,11:10:10.780,334,842
2014-12-30,11:10:10.860,333,836
2014-12-30,11:10:11.640,334,841
2014-12-30,11:10:11.750,334,836
2014-12-30,11:10:12.730,334,841
2014-12-30,11:10:13.160,333,836
2014-12-30,11:10:14.220,333,841
2014-12-30,11:10:14.350,334,836
2014-12-30,11:10:16.270,334,841
2014-12-30,11:10:18.600,333,836
2014-12-30,11:10:30.190,334,841
2014-12-30,11:10:31.070,333,836
2014-12-30,11:10:33.590,335,841
2014-12-30,11:10:33.670,333,836
2014-12-30,11:10:42.630,334,841
2014-12-30,11:10:44.210,333,836
2014-12-30,11:10:55.460,334,841
2014-12-30,11:11:00.000,334,840
2014-12-30,11:11:30.840,333,835
2014-12-30,11:11:32.650,334,840
2014-12-30,11:12:00.000,334,839
2014-12-30,11:12:47.800,335,844
2014-12-30,11:12:48.120,335,839
2014-12-30,11:12:57.740,336,844
2014-12-30,11:12:59.230,335,839
2014-12-30,11:13:00.000,336,842
2014-12-30,11:14:00.000,336,840
2014-12-30,11:14:08.750,336,845
2014-12-30,11:14:08.960,336,840
2014-12-30,11:14:10.470,337,845
2014-12-30,11:14:11.740,337,839
2014-12-30,11:14:11.790,337,844
2014-12-30,11:14:15.020,336,839
2014-12-30,11:14:15.370,336,844
2014-12-30,11:15:00.000,336,842
2014-12-30,11:15:01.570,339,847
2014-12-30,11:15:01.690,338,842
2014-12-30,11:15:02.130,338,847
2014-12-30,11:15:02.250,336,842
2014-12-30,11:15:02.290,336,847
2014-12-30,11:15:02.340,337,842
2014-12-30,11:15:02.500,338,847
2014-12-30,11:15:02.600,337,842
2014-12-30,11:15:03.050,337,847
2014-12-30,11:15:03.070,338,842
2014-12-30,11:15:03.110,337,847
2014-12-30,11:15:03.180,337,842
2014-12-30,11:15:04.470,336,847
2014-12-30,11:15:04.700,337,842
2014-12-30,11:15:05.320,337,848
2014-12-30,11:15:05.390,336,843
2014-12-30,11:15:07.170,337,848
2014-12-30,11:15:07.220,337,842
2014-12-30,11:15:07.470,338,847
2014-12-30,11:15:07.530,337,842
2014-12-30,11:15:07.740,338,847
2014-12-30,11:15:07.810,337,842
2014-12-30,11:15:07.870,337,848
2014-12-30,11:15:07.950,337,842
2014-12-30,11:15:08.140,338,847
2014-12-30,11:15:08.230,337,842
2014-12-30,11:15:08.440,337,848
2014-12-30,11:15:08.620,337,842
2014-12-30,11:15:09.210,337,847
2014-12-30,11:15:09.310,337,842
2014-12-30,11:15:09.720,337,848
2014-12-30,11:15:09.910,337,843
2014-12-30,11:15:13.420,337,848
2014-12-30,11:15:13.570,338,843
2014-12-30,11:15:13.620,338,848
2014-12-30,11:15:13.820,338,843
2014-12-30,11:15:14.230,338,849
2014-12-30,11:15:14.260,336,841
2014-12-30,11:15:14.400,337,846
2014-12-30,11:15:16.690,336,841
2014-12-30,11:15:16.760,337,846
2014-12-30,11:15:17.360,337,841
2014-12-30,11:15:18.090,337,846
2014-12-30,11:15:29.000,337,841
2014-12-30,11:15:29.030,338,846
2014-12-30,11:15:49.370,337,841
2014-12-30,11:15:49.650,337,846
2014-12-30,11:15:50.900,337,841
2014-12-30,11:15:50.930,337,846
2014-12-30,11:15:51.770,337,841
2014-12-30,11:15:52.140,337,846
2014-12-30,11:16:00.000,337,846
2014-12-30,11:16:57.980,339,851
2014-12-30,11:16:58.010,338,846
2014-12-30,11:17:00.000,338,845
2014-12-30,11:17:02.830,339,851
2014-12-30,11:17:02.870,339,846
2014-12-30,11:17:50.700,339,851
2014-12-30,11:17:54.380,339,846
2014-12-30,11:17:55.490,340,851
2014-12-30,11:17:59.070,339,846
2014-12-30,11:18:00.000,339,849
2014-12-30,11:18:18.530,338,843
2014-12-30,11:18:18.540,339,848
2014-12-30,11:19:00.000,340,850
2014-12-30,11:19:02.640,339,845
2014-12-30,11:19:11.930,340,851
2014-12-30,11:19:11.960,339,846
2014-12-30,11:19:15.880,339,851
2014-12-30,11:19:15.920,339,846
2014-12-30,11:19:19.560,340,851
2014-12-30,11:19:19.710,340,846
2014-12-30,11:19:26.990,340,851
2014-12-30,11:19:27.060,339,846
2014-12-30,11:20:00.000,339,848
2014-12-30,11:21:00.000,340,849
2014-12-30,11:21:20.690,339,844
2014-12-30,11:21:20.770,339,849
2014-12-30,11:21:57.210,339,844
2014-12-30,11:21:57.310,340,849
2014-12-30,11:22:00.000,340,848
2014-12-30,11:22:04.200,340,853
2014-12-30,11:22:04.440,340,848
2014-12-30,11:22:29.990,341,853
2014-12-30,11:22:30.070,341,848
2014-12-30,11:22:34.070,341,853
2014-12-30,11:22:34.190,340,848
2014-12-30,11:22:36.960,341,853
2014-12-30,11:22:37.060,340,848
2014-12-30,11:22:47.090,341,853
2014-12-30,11:22:47.450,340,848
2014-12-30,11:22:49.170,342,853
2014-12-30,11:23:00.000,341,851
2014-12-30,11:24:00.000,342,851
2014-12-30,11:24:48.700,342,856
2014-12-30,11:24:48.740,342,851
2014-12-30,11:25:00.000,342,852
2014-12-30,11:26:00.000,342,852
2014-12-30,11:26:04.390,341,847
2014-12-30,11:26:04.910,341,852
2014-12-30,11:26:06.110,341,847
2014-12-30,11:26:06.220,341,852
2014-12-30,11:26:06.500,342,847
2014-12-30,11:26:06.770,343,853
2014-12-30,11:26:07.200,342,848
2014-12-30,11:26:07.500,342,853
2014-12-30,11:26:07.660,341,848
2014-12-30,11:26:07.920,342,853
2014-12-30,11:26:08.850,341,848
2014-12-30,11:26:08.900,342,854
2014-12-30,11:26:08.930,342,849
2014-12-30,11:26:39.250,342,854
2014-12-30,11:26:41.260,341,849
2014-12-30,11:26:45.040,342,854
2014-12-30,11:26:47.170,342,849
2014-12-30,11:26:47.920,343,854
2014-12-30,11:26:48.010,341,849
2014-12-30,11:26:48.250,342,854
2014-12-30,11:26:49.920,341,849
2014-12-30,11:26:56.530,343,854
2014-12-30,11:26:58.280,341,849
2014-12-30,11:27:00.000,342,850
2014-12-30,11:27:11.190,343,855
2014-12-30,11:27:11.470,341,850
2014-12-30,11:27:24.820,342,855
2014-12-30,11:27:25.020,342,850
2014-12-30,11:27:25.680,343,855
2014-12-30,11:27:26.710,341,850
2014-12-30,11:27:29.660,343,856
2014-12-30,11:27:29.720,342,851
2014-12-30,11:27:47.410,342,856
2014-12-30,11:27:47.430,341,851
2014-12-30,11:28:00.000,343,852
2014-12-30,11:28:12.490,342,847
2014-12-30,11:28:12.530,342,853
2014-12-30,11:29:00.000,343,852
2014-12-30,11:30:00.000,343,853
2014-12-30,11:30:05.970,343,858
2014-12-30,11:30:05.990,344,853
2014-12-30,11:30:08.610,345,858
2014-12-30,11:30:08.650,344,853
2014-12-30,11:30:08.940,344,858
2014-12-30,11:30:09.000,343,853
2014-12-30,11:30:09.040,345,858
2014-12-30,11:30:09.090,343,853
2014-12-30,11:31:00.000,344,853
2014-12-30,11:31:15.050,344,858
2014-12-30,11:31:15.370,344,853
2014-12-30,11:32:00.000,344,854
2014-12-30,11:33:00.000,344,854
2014-12-30,11:34:00.000,344,854
2014-12-30,11:34:07.850,346,859
2014-12-30,11:34:08.950,344,854
2014-12-30,11:34:17.010,344,859
2014-12-30,11:34:17.110,344,854
2014-12-30,11:34:17.200,345,860
2014-12-30,11:34:17.220,345,855
2014-12-30,11:34:37.860,346,860
2014-12-30,11:34:45.260,345,855
2014-12-30,11:34:45.440,346,860
2014-12-30,11:35:00.000,346,860
2014-12-30,11:35:03.000,347,855
2014-12-30,11:35:03.020,346,861
2014-12-30,11:35:03.400,346,856
2014-12-30,11:35:03.730,346,861
2014-12-30,11:35:03.750,346,856
2014-12-30,11:35:04.360,347,862
2014-12-30,11:35:04.400,346,857
2014-12-30,11:35:19.210,347,862
2014-12-30,11:35:19.280,346,857
2014-12-30,11:36:00.000,346,855
2014-12-30,11:36:03.100,345,860
2014-12-30,11:36:03.750,346,855
2014-12-30,11:36:03.840,346,861
2014-12-30,11:36:03.940,346,856
2014-12-30,11:36:18.050,347,862
2014-12-30,11:36:18.210,346,856
2014-12-30,11:36:18.960,346,861
2014-12-30,11:36:19.600,347,856
2014-12-30,11:36:20.500,346,861
2014-12-30,11:36:20.630,346,856
2014-12-30,11:36:20.720,347,862
2014-12-30,11:36:20.740,346,857
2014-12-30,11:36:20.900,347,862
2014-12-30,11:36:20.930,347,855
2014-12-30,11:36:20.950,347,860
2014-12-30,11:36:21.420,347,855
2014-12-30,11:36:21.450,347,861
2014-12-30,11:36:24.760,346,856
2014-12-30,11:36:29.110,347,861
2014-12-30,11:36:30.750,346,856
2014-12-30,11:36:35.180,346,861
2014-12-30,11:36:35.260,346,855
2014-12-30,11:36:35.300,347,860
2014-12-30,11:36:35.340,346,855
2014-12-30,11:36:35.570,345,860
2014-12-30,11:36:36.150,345,855
2014-12-30,11:36:36.220,346,860
2014-12-30,11:36:36.370,346,855
2014-12-30,11:36:36.440,346,860
2014-12-30,11:36:36.820,346,854
2014-12-30,11:36:36.870,345,859
2014-12-30,11:36:37.150,347,854
2014-12-30,11:36:37.170,346,860
2014-12-30,11:36:37.240,346,853
2014-12-30,11:36:37.280,345,858
2014-12-30,11:37:00.000,347,859
2014-12-30,11:37:23.800,345,854
2014-12-30,11:37:23.880,346,859
2014-12-30,11:37:45.270,346,854
2014-12-30,11:37:45.400,346,859
2014-12-30,11:38:00.000,346,859
2014-12-30,11:38:07.710,345,854
2014-12-30,11:38:07.940,347,859
2014-12-30,11:38:40.250,346,854
2014-12-30,11:38:40.380,346,859
2014-12-30,11:38:53.860,345,854
2014-12-30,11:38:54.390,346,859
2014-12-30,11:38:54.490,346,854
2014-12-30,11:38:56.120,346,859
2014-12-30,11:38:56.810,345,854
2014-12-30,11:38:57.070,346,859
2014-12-30,11:38:57.460,346,854
2014-12-30,11:39:00.000,346,858
2014-12-30,11:39:15.100,345,853
2014-12-30,11:39:15.420,346,858
2014-12-30,11:39:15.540,345,853
2014-12-30,11:39:16.210,346,858
2014-12-30,11:40:00.000,346,858
2014-12-30,11:40:35.700,345,853
2014-12-30,11:40:35.860,346,859
2014-12-30,11:40:36.180,345,854
2014-12-30,11:40:42.550,347,859
2014-12-30,11:40:44.770,345,854
2014-12-30,11:40:46.670,346,859
2014-12-30,11:40:47.510,345,854
2014-12-30,11:40:48.980,347,859
2014-12-30,11:40:50.650,346,854
2014-12-30,11:40:51.110,345,859
2014-12-30,11:40:51.160,345,854
2014-12-30,11:40:53.460,347,859
2014-12-30,11:40:53.890,346,854
2014-12-30,11:40:55.310,347,859
2014-12-30,11:40:58.920,345,854
2014-12-30,11:40:59.000,347,860
2014-12-30,11:40:59.220,346,855
2014-12-30,11:40:59.350,347,860
2014-12-30,11:40:59.410,346,855
2014-12-30,11:40:59.560,346,861
2014-12-30,11:40:59.600,346,856
2014-12-30,11:41:00.000,346,856
2014-12-30,11:41:00.600,348,861
2014-12-30,11:41:00.820,346,855
2014-12-30,11:41:00.900,348,861
2014-12-30,11:41:02.080,346,856
2014-12-30,11:41:02.240,347,862
2014-12-30,11:41:02.260,347,856
2014-12-30,11:41:03.320,346,861
2014-12-30,11:41:03.510,346,856
2014-12-30,11:41:03.920,347,861
2014-12-30,11:41:04.170,346,856
2014-12-30,11:41:04.530,347,861
2014-12-30,11:41:04.720,347,856
2014-12-30,11:41:16.540,347,861
2014-12-30,11:41:19.920,347,856
2014-12-30,11:41:21.710,346,861
2014-12-30,11:41:23.920,346,856
2014-12-30,11:41:24.760,347,861
2014-12-30,11:41:26.070,346,856
2014-12-30,11:41:26.360,347,861
2014-12-30,11:41:27.230,346,856
2014-12-30,11:41:31.090,347,861
2014-12-30,11:41:31.260,347,856
2014-12-30,11:41:31.700,347,861
2014-12-30,11:41:32.220,347,856
2014-12-30,11:41:32.720,346,861
2014-12-30,11:41:32.960,346,856
2014-12-30,11:41:59.110,347,861
2014-12-30,11:41:59.750,346,854
2014-12-30,11:41:59.950,347,860
2014-12-30,11:42:00.000,347,859
2014-12-30,11:42:07.180,345,854
2014-12-30,11:42:09.530,346,859
2014-12-30,11:42:15.170,347,854
2014-12-30,11:42:15.190,347,860
2014-12-30,11:42:15.390,346,854
2014-12-30,11:42:15.500,346,859
2014-12-30,11:42:15.930,345,854
2014-12-30,11:42:16.000,346,859
2014-12-30,11:42:20.570,345,854
2014-12-30,11:42:23.900,346,859
2014-12-30,11:42:26.190,345,854
2014-12-30,11:42:28.090,345,859
2014-12-30,11:42:28.120,346,853
2014-12-30,11:42:28.570,346,858
2014-12-30,11:42:28.680,345,853
2014-12-30,11:42:28.720,346,860
2014-12-30,11:42:28.740,347,854
2014-12-30,11:42:28.770,346,859
2014-12-30,11:42:28.790,346,853
2014-12-30,11:42:29.070,345,858
2014-12-30,11:42:29.190,345,853
2014-12-30,11:42:30.110,346,858
2014-12-30,11:42:30.510,345,853
2014-12-30,11:42:30.680,346,858
2014-12-30,11:42:30.960,345,853
2014-12-30,11:42:31.400,346,858
2014-12-30,11:42:32.080,345,853
2014-12-30,11:42:33.030,346,858
2014-12-30,11:42:35.400,344,853
2014-12-30,11:42:35.920,346,858
2014-12-30,11:42:38.140,345,853
2014-12-30,11:42:39.060,345,858
2014-12-30,11:42:39.490,346,853
2014-12-30,11:42:39.560,345,858
2014-12-30,11:42:42.390,345,853
2014-12-30,11:42:42.670,346,858
2014-12-30,11:42:43.030,345,853
2014-12-30,11:42:43.150,346,858
2014-12-30,11:42:43.390,345,853
2014-12-30,11:42:44.790,346,858
2014-12-30,11:43:00.000,346,857
2014-12-30,11:43:12.490,347,862
2014-12-30,11:43:12.510,347,857
2014-12-30,11:44:00.000,347,857
2014-12-30,11:44:13.290,348,863
2014-12-30,11:44:13.350,347,858
2014-12-30,11:44:17.160,346,853
2014-12-30,11:44:17.380,346,858
2014-12-30,11:45:00.000,347,859
2014-12-30,11:46:00.000,347,859
2014-12-30,11:46:55.750,348,864
2014-12-30,11:46:56.000,348,859
2014-12-30,11:47:00.000,348,860
2014-12-30,11:48:00.000,348,861
2014-12-30,11:48:10.890,347,856
2014-12-30,11:48:11.020,348,861
2014-12-30,11:48:39.660,347,856
2014-12-30,11:48:40.000,348,861
2014-12-30,11:48:41.830,346,856
2014-12-30,11:48:41.980,348,861
2014-12-30,11:49:00.000,347,861
2014-12-30,11:49:21.870,348,866
2014-12-30,11:49:21.920,348,861
2014-12-30,11:49:30.930,349,866
2014-12-30,11:49:31.430,348,861
2014-12-30,11:49:43.350,347,856
2014-12-30,11:49:43.430,347,862
2014-12-30,11:49:49.150,347,857
2014-12-30,11:49:49.190,348,863
2014-12-30,11:49:50.430,347,858
2014-12-30,11:49:50.630,348,863
2014-12-30,11:49:52.220,348,858
2014-12-30,11:49:52.610,349,863
2014-12-30,11:49:56.310,348,858
2014-12-30,11:49:56.470,348,863
2014-12-30,11:49:56.720,347,858
2014-12-30,11:49:56.800,349,863
2014-12-30,11:49:57.530,348,858
2014-12-30,11:49:57.650,349,863
2014-12-30,11:50:00.000,348,860
2014-12-30,11:50:01.290,349,865
2014-12-30,11:50:01.990,349,860
2014-12-30,11:50:02.530,350,865
2014-12-30,11:50:02.890,348,859
2014-12-30,11:50:03.210,349,864
2014-12-30,11:50:03.800,347,859
2014-12-30,11:50:03.860,348,864
2014-12-30,11:50:06.040,348,859
2014-12-30,11:50:06.250,349,864
2014-12-30,11:50:39.410,350,869
2014-12-30,11:50:39.680,350,864
2014-12-30,11:50:42.530,350,869
2014-12-30,11:50:43.020,349,864
2014-12-30,11:50:43.520,351,869
2014-12-30,11:50:44.310,350,864
2014-12-30,11:51:00.000,350,866
2014-12-30,11:51:19.850,349,861
2014-12-30,11:51:20.450,349,866
2014-12-30,11:51:25.870,348,861
2014-12-30,11:51:49.410,349,866
2014-12-30,11:51:50.060,348,861
2014-12-30,11:51:58.610,350,866
2014-12-30,11:51:58.770,348,861
2014-12-30,11:52:00.000,350,864
2014-12-30,11:52:02.310,348,859
2014-12-30,11:52:02.440,348,864
2014-12-30,11:52:36.430,348,859
2014-12-30,11:52:40.460,349,864
2014-12-30,11:52:41.850,348,858
2014-12-30,11:52:42.090,348,863
2014-12-30,11:52:42.150,347,858
2014-12-30,11:52:42.230,348,863
2014-12-30,11:52:44.690,348,858
2014-12-30,11:52:45.420,348,863
2014-12-30,11:52:45.580,348,858
2014-12-30,11:52:46.110,348,863
2014-12-30,11:52:46.690,348,858
2014-12-30,11:52:46.820,348,863
2014-12-30,11:52:47.290,347,858
2014-12-30,11:52:48.080,348,864
2014-12-30,11:52:48.800,349,859
2014-12-30,11:52:49.670,348,865
2014-12-30,11:52:49.740,348,860
2014-12-30,11:52:53.340,349,865
2014-12-30,11:52:53.360,349,860
2014-12-30,11:53:00.000,348,861
2014-12-30,11:53:11.220,348,856
2014-12-30,11:53:11.250,348,861
2014-12-30,11:53:16.280,350,866
2014-12-30,11:53:16.790,350,861
2014-12-30,11:53:17.500,348,866
2014-12-30,11:53:17.850,349,861
2014-12-30,11:53:19.450,350,867
2014-12-30,11:53:19.480,350,862
2014-12-30,11:53:30.810,350,867
2014-12-30,11:53:30.860,349,862
2014-12-30,11:54:00.000,349,862
2014-12-30,11:54:01.640,349,867
2014-12-30,11:54:01.700,349,862
2014-12-30,11:54:06.770,350,867
2014-12-30,11:54:07.680,350,862
2014-12-30,11:54:20.340,349,867
2014-12-30,11:54:20.360,349,862
2014-12-30,11:55:00.000,349,863
2014-12-30,11:55:03.580,347,858
2014-12-30,11:55:03.640,349,863
2014-12-30,11:55:27.420,348,858
2014-12-30,11:55:27.590,348,863
2014-12-30,11:55:43.160,349,858
2014-12-30,11:55:43.270,349,863
2014-12-30,11:55:43.390,348,858
2014-12-30,11:55:43.440,349,863
2014-12-30,11:55:43.600,348,858
2014-12-30,11:55:43.730,348,864
2014-12-30,11:55:44.120,348,858
2014-12-30,11:55:44.190,349,863
2014-12-30,11:55:46.830,348,858
2014-12-30,11:55:47.640,348,863
2014-12-30,11:55:48.650,348,858
2014-12-30,11:55:48.720,349,863
2014-12-30,11:55:49.500,347,858
2014-12-30,11:55:49.850,349,863
2014-12-30,11:55:50.000,349,858
2014-12-30,11:55:50.090,348,864
2014-12-30,11:55:50.180,348,859
2014-12-30,11:55:50.530,348,864
2014-12-30,11:55:50.580,348,858
2014-12-30,11:55:50.710,347,863
2014-12-30,11:55:50.930,348,858
2014-12-30,11:55:52.490,349,863
2014-12-30,11:55:52.740,348,858
2014-12-30,11:55:53.130,349,863
2014-12-30,11:55:53.250,348,858
2014-12-30,11:55:56.650,348,863
2014-12-30,11:55:56.710,349,858
2014-12-30,11:55:56.820,349,863
2014-12-30,11:55:56.880,348,858
2014-12-30,11:55:57.450,348,863
2014-12-30,11:55:57.480,348,858
2014-12-30,11:55:57.830,349,863
2014-12-30,11:55:57.900,347,858
2014-12-30,11:55:57.950,350,864
2014-12-30,11:55:58.130,349,859
2014-12-30,11:55:58.270,348,864
2014-12-30,11:55:58.380,348,859
2014-12-30,11:55:58.650,348,864
2014-12-30,11:55:58.790,347,859
2014-12-30,11:55:58.980,348,864
2014-12-30,11:55:59.090,348,858
2014-12-30,11:55:59.260,349,863
2014-12-30,11:55:59.310,348,858
2014-12-30,11:55:59.720,348,863
2014-12-30,11:55:59.810,349,858
2014-12-30,11:56:00.000,349,861
2014-12-30,11:56:16.150,347,856
2014-12-30,11:56:16.210,348,861
2014-12-30,11:56:17.250,348,856
2014-12-30,11:56:17.300,347,861
2014-12-30,11:56:17.380,347,856
2014-12-30,11:56:17.460,348,861
2014-12-30,11:56:21.620,347,856
2014-12-30,11:56:21.850,347,861
2014-12-30,11:56:25.480,347,856
2014-12-30,11:56:25.570,348,861
2014-12-30,11:56:30.550,347,856
2014-12-30,11:56:31.390,347,861
2014-12-30,11:56:31.550,347,856
2014-12-30,11:56:31.620,348,861
2014-12-30,11:56:32.140,347,856
2014-12-30,11:56:32.240,348,861
2014-12-30,11:56:32.780,347,856
2014-12-30,11:56:32.950,347,861
2014-12-30,11:56:33.530,347,856
2014-12-30,11:56:34.470,347,861
2014-12-30,11:56:34.790,347,856
2014-12-30,11:56:35.000,349,861
2014-12-30,11:56:35.440,347,856
2014-12-30,11:56:36.120,348,861
2014-12-30,11:56:37.310,347,856
2014-12-30,11:56:37.550,347,861
2014-12-30,11:56:38.010,348,856
2014-12-30,11:56:38.230,348,861
2014-12-30,11:56:41.210,347,856
2014-12-30,11:56:42.830,348,861
2014-12-30,11:56:43.090,347,856
2014-12-30,11:56:43.880,347,861
2014-12-30,11:56:44.160,347,856
2014-12-30,11:56:44.240,347,861
2014-12-30,11:56:44.270,347,856
2014-12-30,11:56:46.050,347,861
2014-12-30,11:56:47.790,347,856
2014-12-30,11:56:48.060,348,861
2014-12-30,11:56:48.080,349,856
2014-12-30,11:56:48.220,349,862
2014-12-30,11:56:48.270,346,857
2014-12-30,11:56:48.350,349,862
2014-12-30,11:56:48.790,348,857
2014-12-30,11:56:50.900,347,852
2014-12-30,11:56:50.990,347,857
2014-12-30,11:56:59.380,348,862
2014-12-30,11:56:59.420,347,857
2014-12-30,11:56:59.460,348,862
2014-12-30,11:56:59.580,347,857
2014-12-30,11:57:00.000,347,857
2014-12-30,11:57:49.490,348,862
2014-12-30,11:57:49.740,348,857
2014-12-30,11:57:50.400,348,862
2014-12-30,11:57:50.570,347,857
2014-12-30,11:57:55.160,347,862
2014-12-30,11:57:55.320,347,857
2014-12-30,11:58:00.000,347,857
2014-12-30,11:58:03.200,349,862
2014-12-30,11:58:03.590,347,857
2014-12-30,11:58:10.490,348,862
2014-12-30,11:58:11.050,347,857
2014-12-30,11:58:11.950,348,862
2014-12-30,11:58:12.000,347,857
2014-12-30,11:58:18.520,348,862
2014-12-30,11:58:18.860,347,857
2014-12-30,11:58:22.580,349,862
2014-12-30,11:58:22.680,347,857
2014-12-30,11:58:33.350,349,862
2014-12-30,11:58:33.420,347,857
2014-12-30,11:58:33.480,348,862
2014-12-30,11:58:33.620,348,857
2014-12-30,11:58:34.890,348,862
2014-12-30,11:58:34.990,347,857
2014-12-30,11:58:35.370,347,862
2014-12-30,11:58:35.400,347,857
2014-12-30,11:58:35.630,349,862
2014-12-30,11:58:35.670,348,856
2014-12-30,11:58:35.710,347,861
2014-12-30,11:58:36.180,347,855
2014-12-30,11:58:36.190,347,860
2014-12-30,11:58:37.230,347,855
2014-12-30,11:58:37.540,348,860
2014-12-30,11:58:38.120,347,855
2014-12-30,11:58:38.180,347,860
2014-12-30,11:58:38.660,346,855
2014-12-30,11:58:39.510,348,860
2014-12-30,11:58:40.280,347,855
2014-12-30,11:58:41.090,347,860
2014-12-30,11:58:42.870,347,855
2014-12-30,11:58:44.910,348,860
2014-12-30,11:58:49.380,347,855
2014-12-30,11:58:51.000,348,860
2014-12-30,11:58:52.710,347,855
2014-12-30,11:58:52.990,348,861
2014-12-30,11:58:53.780,347,856
2014-12-30,11:58:54.660,348,861
2014-12-30,11:58:54.810,347,856
2014-12-30,11:58:55.170,347,861
2014-12-30,11:58:55.250,347,856
2014-12-30,11:58:56.060,347,861
2014-12-30,11:58:56.180,347,856
2014-12-30,11:58:56.440,348,861
2014-12-30,11:58:57.090,347,856
2014-12-30,11:58:57.320,348,861
2014-12-30,11:58:59.270,347,856
2014-12-30,11:59:00.000,346,856
2014-12-30,11:59:18.490,348,861
2014-12-30,11:59:21.940,347,856
2014-12-30,11:59:24.030,348,861
2014-12-30,11:59:35.310,347,856
2014-12-30,11:59:37.510,348,861
2014-12-30,11:59:52.450,347,856
2014-12-30,11:59:52.650,348,861
2014-12-30,11:59:53.460,348,856
2014-12-30,11:59:53.500,348,861
2014-12-30,11:59:54.330,348,856
2014-12-30,11:59:54.650,347,862
2014-12-30,11:59:54.760,347,857
2014-12-30,11:59:58.540,348,862
2014-12-30,11:59:59.620,348,857
2014-12-30,12:00:00.000,348,860
2014-12-30,12:00:57.550,347,855
2014-12-30,12:00:57.580,348,860
2014-12-30,12:01:00.000,348,859
2014-12-30,12:02:00.000,347,858
2014-12-30,12:03:00.000,347,857
2014-12-30,12:03:00.430,349,862
2014-12-30,12:03:00.750,348,857
2014-12-30,12:03:02.760,348,862
2014-12-30,12:03:03.330,348,857
2014-12-30,12:03:07.040,348,862
2014-12-30,12:03:07.570,347,857
2014-12-30,12:03:25.260,348,862
2014-12-30,12:03:25.700,347,857
2014-12-30,12:03:25.950,348,862
2014-12-30,12:03:26.850,348,857
2014-12-30,12:03:57.700,348,862
2014-12-30,12:03:58.890,347,857
2014-12-30,12:04:00.000,347,857
2014-12-30,12:04:10.780,349,862
2014-12-30,12:04:11.560,348,857
2014-12-30,12:04:27.900,349,862
2014-12-30,12:04:28.100,348,857
2014-12-30,12:04:33.680,348,862
2014-12-30,12:04:33.730,347,857
2014-12-30,12:04:34.440,348,862
2014-12-30,12:04:34.630,347,857
2014-12-30,12:05:00.000,346,856
2014-12-30,12:05:05.690,345,851
2014-12-30,12:05:05.720,347,856
2014-12-30,12:05:05.960,344,851
2014-12-30,12:05:06.130,346,856
2014-12-30,12:05:10.590,346,861
2014-12-30,12:05:10.660,347,856
2014-12-30,12:05:10.820,349,861
2014-12-30,12:05:11.050,347,856
2014-12-30,12:05:11.190,348,861
2014-12-30,12:05:11.270,347,856
2014-12-30,12:05:15.310,347,861
2014-12-30,12:05:15.330,347,856
2014-12-30,12:05:21.340,348,861
2014-12-30,12:05:21.470,348,856
2014-12-30,12:05:26.120,347,861
2014-12-30,12:05:26.210,347,856
2014-12-30,12:05:26.360,348,861
2014-12-30,12:05:26.730,346,856
2014-12-30,12:05:29.740,348,861
2014-12-30,12:05:30.080,347,856
2014-12-30,12:05:32.170,347,861
2014-12-30,12:05:33.070,347,856
2014-12-30,12:05:37.810,348,861
2014-12-30,12:05:41.770,346,856
2014-12-30,12:05:45.170,348,861
2014-12-30,12:05:46.410,347,856
2014-12-30,12:06:00.000,347,858
2014-12-30,12:07:00.000,348,857
2014-12-30,12:07:14.540,349,862
2014-12-30,12:07:14.740,347,857
2014-12-30,12:07:16.390,349,862
2014-12-30,12:07:16.690,347,857
2014-12-30,12:07:17.100,348,862
2014-12-30,12:07:17.420,347,857
2014-12-30,12:07:20.660,348,862
2014-12-30,12:07:20.860,348,857
2014-12-30,12:07:21.170,348,862
2014-12-30,12:07:21.390,347,857
2014-12-30,12:07:22.270,348,862
2014-12-30,12:07:22.300,348,857
2014-12-30,12:07:24.280,348,862
2014-12-30,12:07:24.350,348,857
2014-12-30,12:07:44.400,348,862
2014-12-30,12:07:44.450,347,857
2014-12-30,12:08:00.000,347,858
2014-12-30,12:09:00.000,347,858
2014-12-30,12:09:22.770,346,853
2014-12-30,12:09:23.140,347,858
2014-12-30,12:10:00.000,347,859
2014-12-30,12:11:00.000,347,859
2014-12-30,12:11:25.050,348,854
2014-12-30,12:11:25.120,346,860
2014-12-30,12:11:29.040,346,855
2014-12-30,12:11:29.240,347,860
2014-12-30,12:11:34.050,346,855
2014-12-30,12:11:34.370,347,860
2014-12-30,12:11:35.990,346,855
2014-12-30,12:11:36.160,348,861
2014-12-30,12:11:36.660,347,856
2014-12-30,12:11:36.960,347,861
2014-12-30,12:11:37.080,346,856
2014-12-30,12:11:38.360,347,861
2014-12-30,12:11:42.560,348,856
2014-12-30,12:11:44.550,348,861
2014-12-30,12:11:56.750,346,856
2014-12-30,12:11:57.190,348,861
2014-12-30,12:11:58.220,346,856
2014-12-30,12:11:58.250,347,861
2014-12-30,12:11:58.920,346,856
2014-12-30,12:11:59.050,348,861
2014-12-30,12:12:00.000,347,859
2014-12-30,12:13:00.000,347,858
2014-12-30,12:14:00.000,347,858
2014-12-30,12:14:00.880,348,863
2014-12-30,12:14:01.240,347,858
2014-12-30,12:14:05.330,348,863
2014-12-30,12:14:05.610,347,858
2014-12-30,12:14:05.730,348,863
2014-12-30,12:14:05.840,347,858
2014-12-30,12:14:07.940,348,863
2014-12-30,12:14:08.080,347,858
2014-12-30,12:14:16.830,348,863
2014-12-30,12:14:17.340,347,858
2014-12-30,12:14:31.440,348,863
2014-12-30,12:14:31.560,347,858
2014-12-30,12:14:32.100,347,863
2014-12-30,12:14:32.390,347,858
2014-12-30,12:14:32.960,348,863
2014-12-30,12:14:33.030,347,858
2014-12-30,12:14:36.670,348,863
2014-12-30,12:14:37.190,347,858
2014-12-30,12:14:37.240,348,863
2014-12-30,12:14:37.270,346,858
2014-12-30,12:14:37.560,348,863
2014-12-30,12:14:37.700,348,858
2014-12-30,12:14:37.720,347,863
2014-12-30,12:14:37.770,348,858
2014-12-30,12:14:38.070,348,863
2014-12-30,12:14:38.120,347,858
2014-12-30,12:14:38.390,348,863
2014-12-30,12:14:38.450,347,858
2014-12-30,12:14:39.060,348,863
2014-12-30,12:14:39.260,347,858
2014-12-30,12:14:39.350,347,863
2014-12-30,12:14:39.640,347,858
2014-12-30,12:14:40.100,347,863
2014-12-30,12:14:40.150,348,858
2014-12-30,12:14:40.310,348,863
2014-12-30,12:14:40.580,347,858
2014-12-30,12:14:41.430,348,863
2014-12-30,12:14:41.480,348,858
2014-12-30,12:14:43.220,347,863
2014-12-30,12:14:43.430,347,858
2014-12-30,12:14:44.130,348,863
2014-12-30,12:14:44.150,347,857
2014-12-30,12:14:44.390,348,862
2014-12-30,12:14:44.540,346,857
2014-12-30,12:14:44.600,347,862
2014-12-30,12:14:44.810,347,857
2014-12-30,12:14:44.890,347,862
2014-12-30,12:14:44.930,348,857
2014-12-30,12:14:45.000,348,863
2014-12-30,12:14:45.050,347,858
2014-12-30,12:14:45.180,348,863
2014-12-30,12:14:45.240,346,858
2014-12-30,12:14:47.020,346,864
2014-12-30,12:14:47.040,346,857
2014-12-30,12:14:47.490,346,862
2014-12-30,12:14:47.650,347,856
2014-12-30,12:14:47.770,347,861
2014-12-30,12:14:48.220,347,856
2014-12-30,12:14:48.380,348,861
2014-12-30,12:14:52.900,347,856
2014-12-30,12:14:53.230,347,861
2014-12-30,12:14:56.970,347,856
2014-12-30,12:14:57.050,347,861
2014-12-30,12:14:59.660,348,866
2014-12-30,12:14:59.700,348,861
2014-12-30,12:15:00.000,348,862
2014-12-30,12:15:00.590,347,857
2014-12-30,12:15:00.920,347,862
2014-12-30,12:15:01.290,347,857
2014-12-30,12:15:01.400,347,862
2014-12-30,12:15:01.510,348,857
2014-12-30,12:15:01.960,347,862
2014-12-30,12:15:02.090,347,857
2014-12-30,12:15:02.230,347,862
2014-12-30,12:15:03.110,346,856
2014-12-30,12:15:03.260,347,861
2014-12-30,12:15:49.100,346,856
2014-12-30,12:15:49.340,347,861
2014-12-30,12:15:49.660,347,856
2014-12-30,12:15:49.750,347,861
2014-12-30,12:16:00.000,347,861
2014-12-30,12:16:03.940,346,856
2014-12-30,12:16:04.080,346,862
2014-12-30,12:16:04.210,347,857
2014-12-30,12:16:07.340,347,862
2014-12-30,12:16:07.510,347,855
2014-12-30,12:16:07.530,346,860
2014-12-30,12:16:27.150,346,855
2014-12-30,12:16:27.200,347,860
2014-12-30,12:16:35.630,346,855
2014-12-30,12:16:35.810,347,860
2014-12-30,12:16:41.170,345,855
2014-12-30,12:16:41.430,346,860
2014-12-30,12:16:42.610,346,855
2014-12-30,12:16:42.730,347,860
2014-12-30,12:16:43.490,346,855
2014-12-30,12:16:43.640,346,860
2014-12-30,12:16:44.440,347,855
2014-12-30,12:16:44.500,347,860
2014-12-30,12:16:46.010,345,855
2014-12-30,12:16:46.130,347,860
2014-12-30,12:16:46.450,346,855
2014-12-30,12:16:46.510,345,860
2014-12-30,12:16:46.710,346,855
2014-12-30,12:16:46.780,346,860
2014-12-30,12:16:47.480,346,855
2014-12-30,12:16:57.400,347,860
2014-12-30,12:17:00.000,346,857
2014-12-30,12:18:00.000,346,856
2014-12-30,12:18:03.130,346,862
2014-12-30,12:18:03.170,346,857
2014-12-30,12:18:05.750,345,852
2014-12-30,12:18:05.840,345,857
2014-12-30,12:18:07.000,344,852
2014-12-30,12:18:07.070,345,857
2014-12-30,12:18:14.590,344,852
2014-12-30,12:18:15.950,345,857
2014-12-30,12:18:18.580,344,852
2014-12-30,12:18:22.220,344,857
2014-12-30,12:18:23.320,344,852
2014-12-30,12:18:24.040,345,857
2014-12-30,12:18:24.340,344,852
2014-12-30,12:18:24.740,345,857
2014-12-30,12:18:25.970,344,852
2014-12-30,12:18:32.290,345,857
2014-12-30,12:18:33.430,344,852
2014-12-30,12:18:40.600,345,857
2014-12-30,12:18:40.680,345,852
2014-12-30,12:18:40.820,345,857
2014-12-30,12:18:41.450,344,852
2014-12-30,12:18:41.700,346,857
2014-12-30,12:18:41.850,345,852
2014-12-30,12:18:59.300,344,857
2014-12-30,12:18:59.590,344,852
2014-12-30,12:19:00.000,344,852
2014-12-30,12:19:03.000,345,857
2014-12-30,12:19:03.170,344,852
2014-12-30,12:19:08.540,345,857
2014-12-30,12:19:08.730,345,851
2014-12-30,12:19:08.770,345,856
2014-12-30,12:19:08.960,343,851
2014-12-30,12:19:09.440,343,857
2014-12-30,12:19:09.470,344,852
2014-12-30,12:19:09.710,345,857
2014-12-30,12:19:09.740,344,852
2014-12-30,12:19:12.830,346,857
2014-12-30,12:19:13.200,344,852
2014-12-30,12:19:28.050,344,857
2014-12-30,12:19:28.210,344,852
2014-12-30,12:19:29.320,344,857
2014-12-30,12:19:29.380,344,852
2014-12-30,12:19:51.240,344,857
2014-12-30,12:19:51.580,343,852
2014-12-30,12:19:58.300,346,857
2014-12-30,12:19:58.980,344,852
2014-12-30,12:19:59.970,345,857
2014-12-30,12:20:00.000,345,858
2014-12-30,12:20:00.520,345,853
2014-12-30,12:21:00.000,343,851
2014-12-30,12:22:00.000,342,852
2014-12-30,12:22:00.280,342,847
2014-12-30,12:22:00.490,342,852
2014-12-30,12:23:00.000,345,855
2014-12-30,12:23:16.050,344,850
2014-12-30,12:23:16.120,344,855
2014-12-30,12:23:17.000,342,850
2014-12-30,12:23:17.090,344,855
2014-12-30,12:23:28.280,343,850
2014-12-30,12:23:29.160,344,855
2014-12-30,12:24:00.000,343,855
2014-12-30,12:24:04.500,342,850
2014-12-30,12:24:04.640,343,855
2014-12-30,12:24:06.280,342,850
2014-12-30,12:24:06.600,344,855
2014-12-30,12:24:07.870,343,849
2014-12-30,12:24:08.040,343,854
2014-12-30,12:25:00.000,343,852
2014-12-30,12:25:08.810,344,857
2014-12-30,12:25:08.870,344,852
2014-12-30,12:25:10.960,344,857
2014-12-30,12:25:11.020,344,852
2014-12-30,12:25:11.180,343,857
2014-12-30,12:25:11.280,344,852
2014-12-30,12:25:12.110,344,857
2014-12-30,12:25:12.290,343,852
2014-12-30,12:25:13.540,344,857
2014-12-30,12:25:13.640,343,852
2014-12-30,12:25:14.100,344,857
2014-12-30,12:25:14.150,343,852
2014-12-30,12:25:33.630,344,857
2014-12-30,12:25:46.020,343,852
2014-12-30,12:25:58.510,344,857
2014-12-30,12:25:58.690,343,852
2014-12-30,12:25:59.720,345,857
2014-12-30,12:25:59.880,343,852
2014-12-30,12:26:00.000,343,854
2014-12-30,12:26:38.760,344,849
2014-12-30,12:26:38.810,343,854
2014-12-30,12:26:39.370,342,849
2014-12-30,12:26:40.050,342,854
2014-12-30,12:26:40.130,342,849
2014-12-30,12:26:40.240,343,854
2014-12-30,12:26:40.590,342,849
2014-12-30,12:26:41.160,342,854
2014-12-30,12:27:00.000,343,853
2014-12-30,12:27:53.210,341,848
2014-12-30,12:27:53.350,342,853
2014-12-30,12:28:00.000,343,852
2014-12-30,12:28:37.680,341,847
2014-12-30,12:28:38.190,342,852
2014-12-30,12:29:00.000,342,851
2014-12-30,12:29:34.670,340,846
2014-12-30,12:29:44.730,341,851
2014-12-30,12:29:45.030,340,846
2014-12-30,12:29:52.090,341,851
2014-12-30,12:29:52.150,341,846
2014-12-30,12:29:53.780,340,851
2014-12-30,12:29:53.830,340,846
2014-12-30,12:29:55.780,341,851
2014-12-30,12:29:56.130,339,846
2014-12-30,12:29:56.180,341,851
2014-12-30,12:29:56.450,340,845
2014-12-30,12:29:56.890,340,850
2014-12-30,12:29:56.960,340,845
2014-12-30,12:29:57.250,340,850
2014-12-30,12:29:57.400,340,845
2014-12-30,12:30:00.000,340,843
2014-12-30,12:30:00.040,340,848
2014-12-30,12:30:04.220,340,843
2014-12-30,12:30:04.860,340,848
2014-12-30,12:30:11.070,339,842
2014-12-30,12:30:11.270,339,847
2014-12-30,12:30:18.040,340,852
2014-12-30,12:30:18.090,341,847
2014-12-30,12:30:43.720,339,842
2014-12-30,12:30:46.140,339,847
2014-12-30,12:30:49.160,339,842
2014-12-30,12:30:49.440,339,847
2014-12-30,12:30:50.970,338,842
2014-12-30,12:30:52.180,339,847
2014-12-30,12:30:52.530,339,842
2014-12-30,12:30:54.320,339,847
2014-12-30,12:31:00.000,339,846
2014-12-30,12:31:40.800,341,851
2014-12-30,12:31:44.280,339,846
2014-12-30,12:31:47.770,340,851
2014-12-30,12:31:52.130,340,846
2014-12-30,12:31:52.180,340,851
2014-12-30,12:31:52.720,340,846
2014-12-30,12:31:53.130,341,851
2014-12-30,12:31:53.380,340,846
2014-12-30,12:31:55.350,340,851
2014-12-30,12:32:00.000,340,849
2014-12-30,12:32:22.410,339,844
2014-12-30,12:32:30.110,340,849
2014-12-30,12:32:38.440,339,844
2014-12-30,12:32:40.340,339,849
2014-12-30,12:32:41.600,340,844
2014-12-30,12:32:42.260,340,849
2014-12-30,12:32:42.490,340,844
2014-12-30,12:32:43.110,340,849
2014-12-30,12:32:52.560,338,844
2014-12-30,12:32:53.160,340,849
2014-12-30,12:33:00.000,340,847
2014-12-30,12:33:45.880,338,842
2014-12-30,12:33:46.030,338,847
2014-12-30,12:33:53.820,339,842
2014-12-30,12:33:53.850,338,847
2014-12-30,12:34:00.000,339,846
2014-12-30,12:34:08.220,338,841
2014-12-30,12:34:08.690,338,846
2014-12-30,12:34:12.950,337,841
2014-12-30,12:34:13.450,338,846
2014-12-30,12:34:14.510,338,841
2014-12-30,12:34:14.980,338,846
2014-12-30,12:34:15.280,338,841
2014-12-30,12:34:15.950,339,846
2014-12-30,12:34:16.880,337,841
2014-12-30,12:34:17.410,338,846
2014-12-30,12:34:17.950,338,841
2014-12-30,12:34:18.960,337,846
2014-12-30,12:34:18.990,338,841
2014-12-30,12:34:20.130,338,846
2014-12-30,12:34:20.350,338,841
2014-12-30,12:34:21.040,337,846
2014-12-30,12:34:21.390,338,841
2014-12-30,12:34:22.200,338,846
2014-12-30,12:34:23.150,338,841
2014-12-30,12:34:23.250,338,846
2014-12-30,12:34:23.270,337,841
2014-12-30,12:34:23.770,339,846
2014-12-30,12:34:23.790,339,840
2014-12-30,12:34:23.870,338,846
2014-12-30,12:34:23.900,337,841
2014-12-30,12:34:24.070,338,846
2014-12-30,12:34:24.100,337,841
2014-12-30,12:34:24.940,337,846
2014-12-30,12:34:24.960,338,841
2014-12-30,12:34:25.050,338,847
2014-12-30,12:34:25.070,337,841
2014-12-30,12:34:25.110,338,848
2014-12-30,12:34:25.130,338,841
2014-12-30,12:34:46.650,336,836
2014-12-30,12:34:46.740,336,841
2014-12-30,12:35:00.000,337,841
2014-12-30,12:35:41.170,336,836
2014-12-30,12:35:41.190,336,841
2014-12-30,12:36:00.000,336,839
2014-12-30,12:36:05.000,336,844
2014-12-30,12:36:05.380,336,839
2014-12-30,12:36:05.710,337,844
2014-12-30,12:36:06.050,336,839
2014-12-30,12:36:08.280,336,844
2014-12-30,12:36:08.400,336,839
2014-12-30,12:36:18.790,335,834
2014-12-30,12:36:18.830,335,839
2014-12-30,12:37:00.000,335,838
2014-12-30,12:37:23.540,337,843
2014-12-30,12:37:24.440,336,838
2014-12-30,12:37:38.530,337,843
2014-12-30,12:37:39.410,337,838
2014-12-30,12:37:58.170,336,843
2014-12-30,12:37:58.560,335,837
2014-12-30,12:37:58.760,336,842
2014-12-30,12:37:59.340,336,837
2014-12-30,12:37:59.380,337,842
2014-12-30,12:37:59.800,336,837
2014-12-30,12:37:59.860,336,842
2014-12-30,12:37:59.970,335,837
2014-12-30,12:38:00.000,336,840
2014-12-30,12:38:15.600,337,845
2014-12-30,12:38:15.710,336,840
2014-12-30,12:38:22.260,337,845
2014-12-30,12:38:22.370,336,840
2014-12-30,12:39:00.000,336,842
2014-12-30,12:39:14.930,335,837
2014-12-30,12:39:15.820,336,842
2014-12-30,12:39:16.010,336,837
2014-12-30,12:39:20.410,336,842
2014-12-30,12:39:26.410,335,837
2014-12-30,12:39:28.840,336,842
2014-12-30,12:39:30.760,335,837
2014-12-30,12:39:32.990,336,842
2014-12-30,12:39:34.320,335,837
2014-12-30,12:39:35.210,336,842
2014-12-30,12:39:41.190,336,837
2014-12-30,12:39:41.490,336,842
2014-12-30,12:39:42.200,335,837
2014-12-30,12:39:42.270,336,842
2014-12-30,12:39:42.380,335,837
2014-12-30,12:39:43.080,336,842
2014-12-30,12:39:43.200,335,837
2014-12-30,12:39:43.330,336,842
2014-12-30,12:39:45.330,335,836
2014-12-30,12:39:45.380,336,841
2014-12-30,12:39:46.820,335,836
2014-12-30,12:39:46.980,335,841
2014-12-30,12:39:47.680,336,836
2014-12-30,12:39:47.800,335,841
2014-12-30,12:40:00.000,335,840
2014-12-30,12:41:00.000,335,839
2014-12-30,12:42:00.000,334,839
2014-12-30,12:42:55.510,333,834
2014-12-30,12:42:59.130,334,839
2014-12-30,12:42:59.950,333,834
2014-12-30,12:43:00.000,333,836
2014-12-30,12:43:05.610,335,841
2014-12-30,12:43:05.720,334,835
2014-12-30,12:43:05.900,334,840
2014-12-30,12:43:06.450,334,835
2014-12-30,12:43:09.040,335,840
2014-12-30,12:43:10.740,333,835
2014-12-30,12:43:19.660,334,840
2014-12-30,12:43:20.590,333,835
2014-12-30,12:44:00.000,333,835
2014-12-30,12:45:00.000,332,834
2014-12-30,12:46:00.000,332,835
2014-12-30,12:46:48.480,333,840
2014-12-30,12:46:48.690,332,835
2014-12-30,12:47:00.000,332,835
2014-12-30,12:48:00.000,331,834
2014-12-30,12:48:44.270,330,829
2014-12-30,12:48:44.300,330,834
2014-12-30,12:48:44.710,330,829
2014-12-30,12:48:45.440,330,834
2014-12-30,12:48:45.750,330,829
2014-12-30,12:48:46.140,330,834
2014-12-30,12:48:46.160,328,829
2014-12-30,12:48:46.250,331,836
2014-12-30,12:48:46.260,330,831
2014-12-30,12:48:46.280,330,836
2014-12-30,12:48:46.300,332,829
2014-12-30,12:48:46.310,331,834
2014-12-30,12:48:46.320,330,839
2014-12-30,12:48:46.350,330,833
2014-12-30,12:48:46.430,331,827
2014-12-30,12:48:46.460,331,832
2014-12-30,12:49:00.000,330,831
2014-12-30,12:49:27.820,329,826
2014-12-30,12:49:27.850,330,831
2014-12-30,12:49:33.200,330,826
2014-12-30,12:49:33.220,330,831
2014-12-30,12:49:35.440,330,826
2014-12-30,12:49:35.480,329,831
2014-12-30,12:49:36.140,329,826
2014-12-30,12:49:36.160,330,833
2014-12-30,12:49:36.880,329,828
2014-12-30,12:49:38.670,330,834
2014-12-30,12:49:38.990,330,829
2014-12-30,12:50:00.000,329,829
2014-12-30,12:50:08.190,327,824
2014-12-30,12:50:08.510,328,829
2014-12-30,12:50:10.680,328,824
2014-12-30,12:50:10.920,328,829
2014-12-30,12:50:16.110,327,824
2014-12-30,12:50:16.260,329,829
2014-12-30,12:50:18.570,327,824
2014-12-30,12:50:18.720,328,829
2014-12-30,12:50:25.140,327,824
2014-12-30,12:50:26.550,328,829
2014-12-30,12:50:27.250,327,824
2014-12-30,12:50:27.500,328,829
2014-12-30,12:50:27.810,327,824
2014-12-30,12:50:28.120,328,829
2014-12-30,12:50:28.430,328,824
2014-12-30,12:50:28.490,328,830
2014-12-30,12:50:28.580,329,825
2014-12-30,12:50:28.940,329,830
2014-12-30,12:50:29.280,328,825
2014-12-30,12:50:29.420,330,830
2014-12-30,12:50:30.450,328,825
2014-12-30,12:50:33.570,328,830
2014-12-30,12:50:33.630,327,825
2014-12-30,12:50:34.030,329,830
2014-12-30,12:50:34.130,328,825
2014-12-30,12:50:34.410,328,830
2014-12-30,12:50:34.550,328,825
2014-12-30,12:50:34.710,328,830
2014-12-30,12:50:34.870,328,825
2014-12-30,12:50:35.020,328,830
2014-12-30,12:50:35.760,327,825
2014-12-30,12:50:36.240,327,830
2014-12-30,12:50:36.530,328,825
2014-12-30,12:50:38.950,328,830
2014-12-30,12:50:39.000,327,825
2014-12-30,12:50:40.370,329,830
2014-12-30,12:50:40.710,328,825
2014-12-30,12:50:40.770,329,830
2014-12-30,12:50:42.190,327,825
2014-12-30,12:50:44.090,328,830
2014-12-30,12:50:44.380,328,825
2014-12-30,12:50:49.080,328,830
2014-12-30,12:50:54.940,327,825
2014-12-30,12:51:00.000,327,825
2014-12-30,12:51:09.120,328,830
2014-12-30,12:51:09.250,328,825
2014-12-30,12:51:12.220,328,830
2014-12-30,12:51:13.260,327,825
2014-12-30,12:51:36.650,328,830
2014-12-30,12:51:36.830,328,825
2014-12-30,12:51:42.220,328,830
2014-12-30,12:51:42.330,327,825
2014-12-30,12:52:00.000,327,825
2014-12-30,12:52:26.660,325,820
2014-12-30,12:52:26.980,326,825
2014-12-30,12:52:33.870,325,820
2014-12-30,12:52:34.830,326,825
2014-12-30,12:52:34.880,325,820
2014-12-30,12:52:36.790,326,825
2014-12-30,12:52:38.580,325,820
2014-12-30,12:52:49.720,326,825
2014-12-30,12:52:50.940,325,820
2014-12-30,12:52:52.310,326,825
2014-12-30,12:52:55.860,325,820
2014-12-30,12:52:56.250,326,825
2014-12-30,12:53:00.000,326,824
2014-12-30,12:53:51.060,325,819
2014-12-30,12:54:00.000,325,820
2014-12-30,12:55:00.000,324,820
2014-12-30,12:56:00.000,324,822
2014-12-30,12:56:18.710,323,817
2014-12-30,12:56:18.840,324,822
2014-12-30,12:56:23.560,323,817
2014-12-30,12:56:24.000,324,822
2014-12-30,12:57:00.000,325,822
2014-12-30,12:57:35.470,325,827
2014-12-30,12:57:35.810,324,822
2014-12-30,12:58:00.000,324,822
2014-12-30,12:58:20.500,322,817
2014-12-30,12:58:21.650,324,822
2014-12-30,12:58:43.750,323,817
2014-12-30,12:58:44.690,323,822
2014-12-30,12:58:55.660,322,817
2014-12-30,12:58:56.710,323,822
2014-12-30,12:59:00.000,323,820
2014-12-30,12:59:32.170,321,815
2014-12-30,12:59:37.030,322,820
2014-12-30,12:59:42.220,321,815
2014-12-30,12:59:42.970,322,820
2014-12-30,12:59:46.650,321,815
2014-12-30,13:00:00.000,322,815
2014-12-30,13:00:11.820,323,820
2014-12-30,13:00:13.160,322,815
2014-12-30,13:00:14.140,322,820
2014-12-30,13:00:19.280,321,815
2014-12-30,13:00:26.420,322,820
2014-12-30,13:00:29.050,321,815
2014-12-30,13:01:00.000,321,816
2014-12-30,13:01:05.380,319,811
2014-12-30,13:01:05.470,320,816
2014-12-30,13:01:11.160,320,811
2014-12-30,13:01:13.280,320,816
2014-12-30,13:01:16.210,320,811
2014-12-30,13:01:20.050,320,816
2014-12-30,13:01:20.150,320,811
2014-12-30,13:01:20.470,320,816
2014-12-30,13:01:21.070,319,811
2014-12-30,13:01:30.530,321,816
2014-12-30,13:01:31.250,320,811
2014-12-30,13:01:36.460,320,816
2014-12-30,13:01:36.550,320,811
2014-12-30,13:02:00.000,319,812
2014-12-30,13:02:34.410,317,806
2014-12-30,13:02:34.480,319,811
2014-12-30,13:03:00.000,318,812
2014-12-30,13:03:02.640,317,807
2014-12-30,13:03:02.730,319,812
2014-12-30,13:03:04.430,317,807
2014-12-30,13:03:04.500,319,813
2014-12-30,13:03:04.670,318,808
2014-12-30,13:03:05.090,318,813
2014-12-30,13:03:05.160,318,808
2014-12-30,13:04:00.000,318,808
2014-12-30,13:05:00.000,317,807
2014-12-30,13:06:00.000,316,805
2014-12-30,13:06:37.430,317,810
2014-12-30,13:06:37.570,315,805
2014-12-30,13:07:00.000,315,805
2014-12-30,13:07:28.040,314,800
2014-12-30,13:07:28.230,314,805
2014-12-30,13:07:40.030,313,800
2014-12-30,13:07:44.160,315,805
2014-12-30,13:07:44.500,314,800
2014-12-30,13:07:45.060,314,805
2014-12-30,13:07:45.320,313,800
2014-12-30,13:07:46.270,314,805
2014-12-30,13:07:46.340,313,799
2014-12-30,13:07:46.560,314,804
2014-12-30,13:07:58.590,313,799
2014-12-30,13:07:58.750,313,804
2014-12-30,13:08:00.000,314,802
2014-12-30,13:09:00.000,314,802
2014-12-30,13:10:00.000,313,800
2014-12-30,13:10:33.900,311,795
2014-12-30,13:10:33.980,312,800
2014-12-30,13:10:36.500,311,795
2014-12-30,13:10:36.550,312,800
2014-12-30,13:10:37.120,310,795
2014-12-30,13:10:37.200,312,800
2014-12-30,13:10:40.590,311,795
2014-12-30,13:10:40.930,312,800
2014-12-30,13:10:47.260,312,794
2014-12-30,13:10:47.290,312,799
2014-12-30,13:11:00.000,311,797
2014-12-30,13:11:37.020,310,792
2014-12-30,13:11:37.750,311,797
2014-12-30,13:11:52.060,309,792
2014-12-30,13:11:52.240,311,798
2014-12-30,13:11:52.420,310,793
2014-12-30,13:11:54.580,310,798
2014-12-30,13:11:54.680,310,793
2014-12-30,13:11:54.780,311,798
2014-12-30,13:11:55.440,310,793
2014-12-30,13:11:55.480,310,798
2014-12-30,13:11:55.890,309,793
2014-12-30,13:11:57.610,310,798
2014-12-30,13:11:58.110,309,793
2014-12-30,13:11:59.510,310,798
2014-12-30,13:11:59.570,310,793
2014-12-30,13:11:59.700,311,798
2014-12-30,13:12:00.000,310,795
2014-12-30,13:12:02.000,310,800
2014-12-30,13:12:02.140,310,793
2014-12-30,13:12:02.200,311,798
2014-12-30,13:12:03.760,309,792
2014-12-30,13:12:03.870,310,797
2014-12-30,13:12:04.330,310,792
2014-12-30,13:12:04.370,312,801
2014-12-30,13:12:04.400,311,794
2014-12-30,13:12:07.170,310,799
2014-12-30,13:12:07.280,309,793
2014-12-30,13:12:07.670,310,798
2014-12-30,13:12:07.760,311,793
2014-12-30,13:12:07.980,310,798
2014-12-30,13:12:08.080,310,792
2014-12-30,13:12:08.120,309,798
2014-12-30,13:12:08.140,310,793
2014-12-30,13:12:08.160,310,798
2014-12-30,13:12:08.190,310,793
2014-12-30,13:12:08.260,309,798
2014-12-30,13:12:08.690,310,793
2014-12-30,13:12:08.720,310,798
2014-12-30,13:12:08.890,309,793
2014-12-30,13:12:12.700,310,798
2014-12-30,13:12:16.930,310,793
2014-12-30,13:12:19.520,310,798
2014-12-30,13:12:22.010,309,793
2014-12-30,13:12:39.230,310,798
2014-12-30,13:12:39.300,309,793
2014-12-30,13:13:00.000,309,793
2014-12-30,13:13:37.200,307,788
2014-12-30,13:13:39.970,308,793
2014-12-30,13:13:44.330,307,788
2014-12-30,13:13:44.830,308,793
2014-12-30,13:13:52.120,307,788
2014-12-30,13:14:00.000,307,791
2014-12-30,13:14:17.850,306,786
2014-12-30,13:14:18.260,307,791
2014-12-30,13:14:31.220,306,786
2014-12-30,13:14:35.560,306,781
2014-12-30,13:14:35.570,305,786
2014-12-30,13:14:40.970,307,791
2014-12-30,13:14:44.340,306,786
2014-12-30,13:14:46.920,308,791
2014-12-30,13:14:48.790,305,786
2014-12-30,13:14:53.890,305,781
2014-12-30,13:14:55.070,305,786
2014-12-30,13:14:55.570,304,781
2014-12-30,13:14:55.790,305,786
2014-12-30,13:15:00.000,305,786
2014-12-30,13:15:45.300,306,791
2014-12-30,13:15:45.400,306,786
2014-12-30,13:15:50.510,307,791
2014-12-30,13:15:50.680,306,786
2014-12-30,13:15:56.110,306,791
2014-12-30,13:16:00.000,306,788
2014-12-30,13:16:54.680,307,793
2014-12-30,13:16:56.020,306,788
2014-12-30,13:16:59.070,307,793
2014-12-30,13:17:00.000,307,791
2014-12-30,13:17:42.110,305,786
2014-12-30,13:17:50.510,306,791
2014-12-30,13:17:58.780,305,786
2014-12-30,13:18:00.000,304,788
2014-12-30,13:18:23.920,303,783
2014-12-30,13:18:24.540,304,788
2014-12-30,13:18:37.890,303,783
2014-12-30,13:18:38.490,304,788
2014-12-30,13:19:00.000,305,789
2014-12-30,13:19:12.630,304,784
2014-12-30,13:19:12.840,305,789
2014-12-30,13:19:14.830,304,784
2014-12-30,13:19:14.900,305,789
2014-12-30,13:19:16.780,304,784
2014-12-30,13:19:16.830,304,789
2014-12-30,13:19:19.080,303,784
2014-12-30,13:19:19.430,304,789
2014-12-30,13:19:19.750,304,784
2014-12-30,13:19:23.670,304,789
2014-12-30,13:19:33.790,303,784
2014-12-30,13:20:00.000,303,784
2014-12-30,13:20:12.580,304,789
2014-12-30,13:20:13.990,303,784
2014-12-30,13:20:22.210,302,779
2014-12-30,13:20:22.460,302,784
2014-12-30,13:20:27.720,302,779
2014-12-30,13:20:28.450,302,785
2014-12-30,13:20:28.550,301,780
2014-12-30,13:20:45.180,302,785
2014-12-30,13:20:45.290,303,780
2014-12-30,13:20:45.360,302,785
2014-12-30,13:20:45.430,301,780
2014-12-30,13:20:53.650,303,785
2014-12-30,13:20:53.790,302,780
2014-12-30,13:20:54.280,302,785
2014-12-30,13:20:54.570,302,780
2014-12-30,13:20:54.590,302,785
2014-12-30,13:20:55.000,302,780
2014-12-30,13:20:55.050,302,785
2014-12-30,13:20:56.700,301,780
2014-12-30,13:20:56.830,302,785
2014-12-30,13:20:56.940,301,780
2014-12-30,13:21:00.000,301,781
2014-12-30,13:22:00.000,301,781
2014-12-30,13:22:27.960,299,776
2014-12-30,13:22:28.960,300,781
2014-12-30,13:22:32.810,299,776
2014-12-30,13:22:50.400,297,771
2014-12-30,13:22:51.060,298,776
2014-12-30,13:22:53.840,297,771
2014-12-30,13:23:00.000,297,773
2014-12-30,13:23:14.040,296,768
2014-12-30,13:23:21.330,297,773
2014-12-30,13:23:25.630,296,768
2014-12-30,13:23:26.490,297,773
2014-12-30,13:23:29.530,296,768
2014-12-30,13:23:30.490,296,773
2014-12-30,13:23:34.600,297,768
2014-12-30,13:23:34.850,297,773
2014-12-30,13:23:37.810,296,768
2014-12-30,13:23:38.120,297,773
2014-12-30,13:23:38.160,296,768
2014-12-30,13:23:38.470,297,773
2014-12-30,13:23:55.980,297,768
2014-12-30,13:23:56.040,296,773
2014-12-30,13:24:00.000,296,773
2014-12-30,13:24:13.940,296,768
2014-12-30,13:24:50.620,294,763
2014-12-30,13:24:51.830,294,768
2014-12-30,13:24:58.030,293,763
2014-12-30,13:24:58.810,294,768
2014-12-30,13:24:59.740,293,763
2014-12-30,13:25:00.000,294,764
2014-12-30,13:25:47.930,292,759
2014-12-30,13:25:48.020,293,764
2014-12-30,13:26:00.000,293,765
2014-12-30,13:27:00.000,292,764
2014-12-30,13:28:00.000,291,762
2014-12-30,13:29:00.000,290,761
2014-12-30,13:30:00.000,289,759
2014-12-30,13:31:00.000,289,758
2014-12-30,13:32:00.000,288,758
2014-12-30,13:33:00.000,287,757
2014-12-30,13:33:38.600,286,752
2014-12-30,13:34:00.000,285,753
2014-12-30,13:34:37.610,284,748
2014-12-30,13:34:38.060,285,753
2014-12-30,13:34:54.850,283,748
2014-12-30,13:35:00.000,284,750
2014-12-30,13:35:58.100,282,745
2014-12-30,13:35:58.330,283,750
2014-12-30,13:36:00.000,283,748
2014-12-30,13:37:00.000,282,747
2014-12-30,13:37:47.650,280,742
2014-12-30,13:37:54.030,281,747
2014-12-30,13:37:54.220,281,742
2014-12-30,13:37:55.320,281,747
2014-12-30,13:37:55.520,281,742
2014-12-30,13:37:55.670,280,747
2014-12-30,13:37:58.150,281,742
2014-12-30,13:38:00.000,280,744
2014-12-30,13:39:00.000,280,743
2014-12-30,13:40:00.000,278,740
2014-12-30,13:41:00.000,277,739
2014-12-30,13:41:25.090,275,734
2014-12-30,13:41:29.030,277,739
2014-12-30,13:41:30.710,275,734
2014-12-30,13:41:31.280,276,739
2014-12-30,13:41:32.550,275,734
2014-12-30,13:41:33.820,276,739
2014-12-30,13:41:37.680,275,734
2014-12-30,13:41:38.210,276,739
2014-12-30,13:42:00.000,276,737
2014-12-30,13:42:54.400,274,732
2014-12-30,13:43:00.000,274,735
2014-12-30,13:43:20.070,273,730
2014-12-30,13:44:00.000,272,730
2014-12-30,13:45:00.000,272,730
2014-12-30,13:45:26.060,271,725
2014-12-30,13:45:33.450,271,730
2014-12-30,13:45:43.860,270,725
2014-12-30,13:46:00.000,270,726
2014-12-30,13:47:00.000,269,725
2014-12-30,13:48:00.000,268,725
2014-12-30,13:49:00.000,268,725
2014-12-30,13:49:04.870,266,720
2014-12-30,13:49:06.850,267,725
2014-12-30,13:49:12.440,266,720
2014-12-30,13:49:13.520,267,725
2014-12-30,13:49:18.140,266,720
2014-12-30,13:49:30.890,267,725
2014-12-30,13:49:31.680,266,720
2014-12-30,13:49:33.410,268,725
2014-12-30,13:49:38.150,267,720
2014-12-30,13:50:00.000,266,722
2014-12-30,13:50:19.350,264,717
2014-12-30,13:50:23.000,265,723
2014-12-30,13:50:23.120,265,718
2014-12-30,13:51:00.000,263,716
2014-12-30,13:51:51.320,262,711
2014-12-30,13:51:53.670,263,716
2014-12-30,13:51:53.960,262,711
2014-12-30,13:51:54.950,263,716
2014-12-30,13:52:00.000,262,713
2014-12-30,13:52:22.460,262,708
2014-12-30,13:52:22.840,262,713
2014-12-30,13:52:49.260,261,708
2014-12-30,13:53:00.000,260,709
2014-12-30,13:53:41.070,258,704
2014-12-30,13:53:42.090,259,709
2014-12-30,13:53:43.060,259,704
2014-12-30,13:53:45.120,259,709
2014-12-30,13:53:46.420,258,704
2014-12-30,13:54:00.000,257,703
2014-12-30,13:55:00.000,257,700
2014-12-30,13:56:00.000,255,699
2014-12-30,13:56:51.520,254,694
2014-12-30,13:57:00.000,254,696
2014-12-30,13:58:00.000,253,695
2014-12-30,13:59:00.000,251,693
2014-12-30,13:59:08.300,250,688
2014-12-30,13:59:08.680,251,693
2014-12-30,13:59:11.660,250,688
2014-12-30,13:59:11.700,250,693
2014-12-30,13:59:13.230,252,688
2014-12-30,13:59:13.300,252,693
2014-12-30,14:00:00.000,250,692
2014-12-30,14:00:16.610,249,687
2014-12-30,14:01:00.000,248,685
2014-12-30,14:01:00.540,248,690
2014-12-30,14:01:02.020,249,685
2014-12-30,14:01:02.080,249,690
2014-12-30,14:01:03.220,248,685
2014-12-30,14:01:04.000,249,690
2014-12-30,14:01:08.600,248,685
2014-12-30,14:02:00.000,246,683
2014-12-30,14:02:58.540,244,678
2014-12-30,14:03:00.000,244,680
2014-12-30,14:03:22.150,242,675
2014-12-30,14:04:00.000,243,677
2014-12-30,14:04:22.090,242,672
2014-12-30,14:04:27.860,243,677
2014-12-30,14:04:28.280,242,672
2014-12-30,14:04:29.250,243,677
2014-12-30,14:04:31.100,241,672
2014-12-30,14:04:31.230,242,677
2014-12-30,14:04:32.100,242,672
2014-12-30,14:05:00.000,241,673
2014-12-30,14:06:00.000,241,673
2014-12-30,14:07:00.000,240,672
2014-12-30,14:07:37.450,238,667
2014-12-30,14:07:39.360,238,672
2014-12-30,14:07:40.000,238,667
2014-12-30,14:07:41.520,239,672
2014-12-30,14:07:44.860,238,667
2014-12-30,14:08:00.000,238,669
2014-12-30,14:08:47.450,236,664
2014-12-30,14:09:00.000,236,667
2014-12-30,14:10:00.000,235,666
2014-12-30,14:10:24.050,234,661
2014-12-30,14:11:00.000,233,660
2014-12-30,14:12:00.000,232,659
2014-12-30,14:12:44.090,231,654
2014-12-30,14:12:55.290,231,659
2014-12-30,14:13:00.000,231,656
2014-12-30,14:13:31.740,229,651
2014-12-30,14:14:00.000,228,650
2014-12-30,14:14:20.130,228,645
2014-12-30,14:14:20.580,227,650
2014-12-30,14:14:38.680,226,645
2014-12-30,14:15:00.000,226,645
2014-12-30,14:15:14.270,225,640
2014-12-30,14:16:00.000,224,641
2014-12-30,14:17:00.000,223,639
2014-12-30,14:18:00.000,222,638
2014-12-30,14:18:50.160,220,633
2014-12-30,14:19:00.000,220,634
2014-12-30,14:19:36.690,218,629
2014-12-30,14:20:00.000,218,631
2014-12-30,14:20:24.950,217,626
2014-12-30,14:20:54.290,217,631
2014-12-30,14:21:00.000,217,629
2014-12-30,14:21:52.570,215,624
2014-12-30,14:22:00.000,216,626
2014-12-30,14:22:22.450,214,621
2014-12-30,14:23:00.000,213,620
2014-12-30,14:23:41.880,211,615
2014-12-30,14:24:00.000,211,617
2014-12-30,14:24:32.050,210,612
2014-12-30,14:24:34.290,211,617
2014-12-30,14:24:35.520,210,612
2014-12-30,14:25:00.000,209,611
2014-12-30,14:26:00.000,208,610
2014-12-30,14:27:00.000,206,608
2014-12-30,14:27:59.940,204,603
2014-12-30,14:28:00.000,204,603
2014-12-30,14:29:00.000,203,600
2014-12-30,14:29:30.060,201,595
2014-12-30,14:30:00.000,201,595
2014-12-30,14:30:36.090,199,590
2014-12-30,14:31:00.000,198,590
2014-12-30,14:32:00.000,198,590
2014-12-30,14:33:00.000,197,591
2014-12-30,14:33:14.720,196,586
2014-12-30,14:34:00.000,195,585
2014-12-30,14:34:24.110,194,580
2014-12-30,14:34:58.350,192,575
2014-12-30,14:34:58.870,193,580
2014-12-30,14:35:00.000,192,578
2014-12-30,14:35:45.380,190,573
2014-12-30,14:36:00.000,190,573
2014-12-30,14:36:53.110,189,568
2014-12-30,14:37:00.000,188,570
2014-12-30,14:37:25.750,188,565
2014-12-30,14:38:00.000,186,564
2014-12-30,14:39:00.000,185,563
2014-12-30,14:39:44.490,183,558
2014-12-30,14:40:00.000,183,559
2014-12-30,14:40:47.600,181,554
2014-12-30,14:41:00.000,180,553
2014-12-30,14:42:00.000,179,550
2014-12-30,14:42:57.870,177,545
2014-12-30,14:43:00.000,177,547
2014-12-30,14:43:43.220,176,542
2014-12-30,14:44:00.000,176,543
2014-12-30,14:45:00.000,174,540
2014-12-30,14:45:20.640,173,535
2014-12-30,14:46:00.000,172,534
2014-12-30,14:46:41.380,170,529
2014-12-30,14:47:00.000,169,529
2014-12-30,14:47:42.930,168,524
2014-12-30,14:48:00.000,168,525
2014-12-30,14:48:54.800,166,520
2014-12-30,14:49:00.000,166,521
2014-12-30,14:49:54.340,164,516
2014-12-30,14:50:00.000,164,517
2014-12-30,14:51:00.000,162,514
2014-12-30,14:51:31.300,161,509
2014-12-30,14:52:00.000,160,510
2014-12-30,14:53:00.000,159,508
2014-12-30,14:53:43.510,158,503
2014-12-30,14:54:00.000,157,502
2014-12-30,14:54:38.690,156,497
2014-12-30,14:55:00.000,155,496
2014-12-30,14:56:00.000,154,494
2014-12-30,14:56:45.370,152,489
2014-12-30,14:57:00.000,152,488
2014-12-30,14:57:31.050,150,483
2014-12-30,14:58:00.000,149,482
2014-12-30,14:58:53.190,147,477
2014-12-30,14:59:00.000,147,477
2014-12-30,15:00:00.000,146,474
2014-12-30,15:01:00.000,144,471
2014-12-30,15:01:53.590,142,466
2014-12-30,15:02:00.000,143,467
2014-12-30,15:03:00.000,141,464
2014-12-30,15:03:46.000,139,459
2014-12-30,15:04:00.000,139,460
2014-12-30,15:04:21.440,138,455
2014-12-30,15:05:00.000,137,454
2014-12-30,15:05:39.130,135,449
2014-12-30,15:06:00.000,134,448
2014-12-30,15:06:33.580,133,443
2014-12-30,15:07:00.000,132,442
2014-12-30,15:07:30.310,131,437
2014-12-30,15:07:41.330,129,432
2014-12-30,15:07:51.020,130,437
2014-12-30,15:08:00.000,131,438
2014-12-30,15:08:40.600,128,433
2014-12-30,15:09:00.000,128,432
2014-12-30,15:10:00.000,127,429
2014-12-30,15:11:00.000,125,427
2014-12-30,15:12:00.000,124,424
2014-12-30,15:13:00.000,122,421
2014-12-30,15:13:54.550,120,416
2014-12-30,15:14:00.000,119,417
2014-12-30,15:14:15.360,118,412
2014-12-30,15:15:00.000,116,410
2014-12-30,15:15:38.280,115,405
2014-12-30,15:16:00.000,113,402
2014-12-30,15:16:23.070,112,397
2014-12-30,15:17:00.000,111,394
2014-12-30,15:18:00.000,108,391
2014-12-30,15:19:00.000,106,387
2014-12-30,15:19:44.800,104,382
2014-12-30,15:20:00.000,104,382
2014-12-30,15:20:46.820,102,377
2014-12-30,15:21:00.000,101,376
2014-12-30,15:22:00.000,99,372
2014-12-30,15:22:53.920,96,367
2014-12-30,15:23:00.000,96,367
2014-12-30,15:23:39.450,94,362
2014-12-30,15:24:00.000,93,360
2014-12-30,15:24:44.840,91,355
2014-12-30,15:25:00.000,90,355
2014-12-30,15:25:56.250,88,350
2014-12-30,15:26:00.000,88,350
2014-12-30,15:27:00.000,86,346
2014-12-30,15:27:47.910,84,341
2014-12-30,15:28:00.000,83,340
2014-12-30,15:28:36.070,81,335
2014-12-30,15:29:00.000,80,334
2014-12-30,15:29:42.280,78,329
2014-12-30,15:30:00.000,78,329
2014-12-30,15:30:41.020,76,324
2014-12-30,15:31:00.000,75,323
2014-12-30,15:31:26.240,73,318
2014-12-30,15:31:49.540,71,313
2014-12-30,15:32:00.000,71,309
2014-12-30,15:32:16.240,69,304
2014-12-30,15:32:32.250,68,299
2014-12-30,15:32:41.370,67,294
2014-12-30,15:32:51.260,66,289
2014-12-30,15:33:00.000,65,286
2014-12-30,15:33:03.700,64,281
2014-12-30,15:33:08.920,63,276
2014-12-30,15:33:36.890,62,271
2014-12-30,15:33:46.940,61,266
2014-12-30,15:34:00.000,60,265
2014-12-30,15:34:08.430,59,260
2014-12-30,15:34:16.290,59,255
2014-12-30,15:34:33.380,57,250
2014-12-30,15:34:45.840,56,245
2014-12-30,15:34:55.440,55,240
2014-12-30,15:35:00.000,55,238
2014-12-30,15:35:17.180,54,233
2014-12-30,15:35:38.030,54,228
2014-12-30,15:35:55.820,55,233
2014-12-30,15:36:00.000,55,231
2014-12-30,15:36:07.280,55,236
2014-12-30,15:36:07.810,54,231
2014-12-30,15:36:10.340,54,236
2014-12-30,15:36:14.680,54,231
2014-12-30,15:36:17.900,54,236
2014-12-30,15:36:26.670,55,241
2014-12-30,15:36:36.180,55,246
2014-12-30,15:36:36.520,55,241
2014-12-30,15:36:38.150,55,246
2014-12-30,15:36:38.660,55,241
2014-12-30,15:36:41.160,55,246
2014-12-30,15:36:41.800,55,241
2014-12-30,15:36:42.120,55,246
2014-12-30,15:37:00.000,55,249
2014-12-30,15:37:03.290,56,254
2014-12-30,15:37:06.570,56,249
2014-12-30,15:37:07.220,56,254
2014-12-30,15:37:27.490,56,259
2014-12-30,15:38:00.000,56,258
2014-12-30,15:38:16.710,55,263
2014-12-30,15:39:00.000,55,266
2014-12-30,15:40:00.000,53,266
2014-12-30,15:40:41.560,52,261
2014-12-30,15:41:00.000,51,257
2014-12-30,15:42:00.000,49,255
2014-12-30,15:43:00.000,48,256
2014-12-30,15:43:40.450,47,251
2014-12-30,15:44:00.000,46,249
2014-12-30,15:44:35.390,45,244
2014-12-30,15:45:00.000,44,241
2014-12-30,15:45:54.160,42,236
2014-12-30,15:46:00.000,42,236
2014-12-30,15:46:58.370,40,231
2014-12-30,15:47:00.000,40,231
2014-12-30,15:47:29.800,39,226
2014-12-30,15:48:00.000,38,222
2014-12-30,15:48:52.770,36,217
2014-12-30,15:49:00.000,36,217
2014-12-30,15:49:51.950,35,212
2014-12-30,15:50:00.000,34,212
2014-12-30,15:50:50.890,33,207
2014-12-30,15:51:00.000,32,206
2014-12-30,15:51:26.800,31,201
2014-12-30,15:52:00.000,31,197
2014-12-30,15:52:21.810,30,192
2014-12-30,15:52:50.480,29,187
2014-12-30,15:53:00.000,29,187
2014-12-30,15:53:30.480,28,182
2014-12-30,15:54:00.000,27,179
2014-12-30,15:54:39.350,26,174
2014-12-30,15:55:00.000,25,174
2014-12-30,15:56:00.000,24,170
2014-12-30,15:56:50.170,23,165
2014-12-30,15:57:00.000,23,164
2014-12-30,15:57:32.590,22,159
2014-12-30,15:58:00.000,21,156
2014-12-30,15:58:20.970,21,151
2014-12-30,15:58:58.480,20,146
2014-12-30,15:59:00.000,20,146
2014-12-30,15:59:40.470,19,141
2014-12-30,16:00:00.000,18,138
2014-12-30,16:00:31.710,17,133
2014-12-30,16:01:00.000,17,129
2014-12-30,16:01:18.520,16,124
2014-12-30,16:01:33.860,16,119
2014-12-30,16:01:45.170,15,114
2014-12-30,16:01:56.920,15,109
2014-12-30,16:02:00.000,15,109
2014-12-30,16:02:07.320,14,104
2014-12-30,16:02:20.550,14,99
2014-12-30,16:02:35.150,13,94
2014-12-30,16:02:46.850,13,89
2014-12-30,16:03:00.000,13,85
2014-12-30,16:03:14.860,12,80
2014-12-30,16:04:00.000,12,81
2014-12-30,16:04:54.670,11,76
2014-12-30,16:05:00.000,11,76
2014-12-30,16:05:21.830,11,71
2014-12-30,16:06:00.000,10,67
2014-12-30,16:07:00.000,10,70
2014-12-30,16:07:25.330,9,75
2014-12-30,16:08:00.000,9,74
2014-12-30,16:08:46.360,8,69
2014-12-30,16:09:00.000,8,66
2014-12-30,16:09:14.460,8,61
2014-12-30,16:09:29.470,8,56
2014-12-30,16:09:46.060,8,51
2014-12-30,16:10:00.000,8,48
2014-12-30,16:10:12.340,7,43
2014-12-30,16:10:28.990,7,38
2014-12-30,16:10:44.400,7,33
2014-12-30,16:10:59.080,6,28
2014-12-30,16:11:00.000,7,28
2014-12-30,16:11:17.750,6,23
2014-12-30,16:11:39.150,6,18
2014-12-30,16:12:00.000,6,16
2014-12-30,16:12:46.560,6,11
2014-12-30,16:13:00.000,5,11
2014-12-30,16:14:00.000,5,9
2014-12-30,16:15:00.000,5,7
2014-12-30,16:16:00.000,4,7
2014-12-30,16:17:00.000,4,6
2014-12-30,16:18:00.000,4,6
2014-12-30,16:19:00.000,3,5
2014-12-30,16:20:00.000,3,4
2014-12-30,16:21:00.000,2,4
2014-12-30,16:22:00.000,2,3
2014-12-30,16:23:00.000,1,3
2014-12-30,16:24:00.000,1,3
2014-12-30,16:25:00.000,1,2
2014-12-30,16:26:00.000,1,2
2014-12-30,16:27:00.000,1,2
2014-12-30,16:28:00.000,1,2
2014-12-30,16:29:00.000,0,1
2014-12-30,16:30:00.000,0,1
2014-12-30,16:31:00.000,0,1
2014-12-30,16:32:00.000,0,1
2014-12-30,16:33:00.000,0,1
2014-12-30,16:34:00.000,0,0
2014-12-30,16:35:00.000,0,0
2014-12-30,16:36:00.000,0,0
2014-12-30,16:37:00.000,0,0
2014-12-30,16:38:00.000,0,0
2014-12-30,16:39:00.000,0,0
2014-12-30,16:40:00.000,0,0
2014-12-30,16:41:00.000,0,0
2014-12-30,16:42:00.000,0,0
2014-12-30,16:43:00.000,0,0
2014-12-30,16:44:00.000,0,0
2014-12-30,16:45:00.000,0,0
2014-12-30,16:46:00.000,0,0
2014-12-30,16:47:00.000,0,0
2014-12-30,16:48:00.000,0,0
2014-12-30,16:49:00.000,0,0
2014-12-30,16:50:00.000,0,0
2014-12-30,16:51:00.000,0,0
